P15848,NNWPLRGRKWSLWEGGV,318
P06576,TEGLVRGQKVLDSGAPI,124
P06576,VLDSGAPIKIPVGPETL,133
P06576,IESGVINLKDATSKVAL,259
P06576,INLKDATSKVALVYGQM,264
P06576,HMGKLVPLKETIKGFQQ,485
P02511,FSPEELKVKVLGDVIEV,92
P27797,GKFYGDEEKDKGLQTSQ,62
P27797,DICGPGTKKVHVIFNYK,143
P27797,KGKNVLINKDIRCKDDE,159
P14625,TLQQHKLLKVIRKKLVR,458
P19447,RMQILQNFKHNPKINTI,597
P25445,YDTLIKDLKKANLCTLA,299
P25445,DTLIKDLKKANLCTLAE,300
P02792,KAAMALEKKLNQALLDL,106
P15170,MVDKRTLEKYEREAKEK,108
P15170,GEFETGFEKGGQTREHA,196
P15170,MLAKTAGVKHLIVLINK,213
P15170,EKLVPFLKKVGFNPKKD,247
P15170,LKKVGFNPKKDIHFMPC,253
P15170,KKVGFNPKKDIHFMPCS,254
P15170,SKTRPRFVKQDQVCIAR,448
P15170,EGKTIAIGKVLKLVPEK,490
P15170,TIAIGKVLKLVPEKDXX,493
P20936,QSCELSPSKLEKNEDVN,834
P04035,IRRQLLSKKLSEPSSLQ,502
P09601,PQDLSEALKEATKEVHT,18
P09601,SEALKEATKEVHTQAEN,22
P09601,AEFMRNFQKGQVTRDGF,39
P09601,GLRQRASNKVQDSAPVE,243
P12268,PLASKDAKKQLLCGAAI,242
P12268,MGSLDAMDKHLSSQNRY,422
P12268,NRYFSEADKIKVAQGVS,436
P12268,YFSEADKIKVAQGVSGA,438
P15735,THRVRPLTKNALLRDPY,333
P00338,VDVIEDKLKGEMMDLQH,59
P00338,RTPKIVSGKDYNVTANS,81
P00338,KFIIPNVVKYSPNCKLL,126
P00338,KEQWKEVHKQVVESAYE,232
P00338,VHPVSTMIKGLYGIKDD,278
P00338,SEEEARLKKSADTLWGI,318
P09382,RGEVAPDAKSFVLNLGK,29
P09382,ANTIVCNSKDGGAWGTE,64
P09382,KLPDGYEFKFPNRLNLE,108
P09382,YMAADGDFKIKCVAFDX,128
P14649,NPTNAEVLKVLGNPKSD,107
P04181,DDIFEREYKYGAHNYHP,49
P04181,LPVALERGKGIYLWDVE,66
P04181,HPKIVNALKSQVDKLTL,102
P04181,DVVTAVRGKGLLNAIVI,374
P04181,RFAPPLVIKEDELRESI,421
P21953,EVASMAKEKLGVSCEVI,294
P09486,LEGTKKGHKLHLDYIGP,140
P22059,STCNDLIAKHGTALQRS,230
P22059,EETLEQLAKQHNHLERA,313
P17844,TCIYGGAPKGPQIRDLE,207
P17844,MGFEPQIRKIVDQIRPD,264
P17844,VLNEFKHGKAPILIATD,391
P14678,XMTVGKSSKMLQHIDYR,8
P09012,KITQNNAMKISFAKKXX,276
P08579,KITPSHAMKITYAKKXX,219
P07602,GGFCEVCKKLVGYLDRN,414
P19623,LCSHPNPRKVLIIGGGD,96
P08842,SNGIYKGGKANNWEGGI,368
P10599,WCGPCKMIKPFFHSLSE,39
P10599,VGEFSGANKEKLEATIN,94
P09936,AQHENFRKKQIEELKGQ,65
P09936,RKKQIEELKGQEVSPKV,71
P09936,KMSPEDRAKCFEKNEAI,131
P14927,GKWLDGIRKWYYNAAGF,19
P27361,APEIMLNSKGYTKSIDI,220
Q01469,TIKTESTLKTTQFSCTL,61
Q01085,KSAFAPFGKISDARVVK,122
Q01085,KDMATGKSKGYGFVSFY,138
Q01658,RAAINKMIKETLPNVRV,23
Q01658,VKEVLQECKTVALKRRK,95
P23786,HEQLVALDKQNKHTSYI,104
P23786,DIWAELRQKLMSSGNEE,305
P23786,CVQFQRGGKEFLKKQKL,453
P23786,QQMMVECSKYHGQLTKE,537
P23786,SKYHGQLTKEAAMGQGF,544
Q01826,HTTVRNALKDLLKDMNQ,194
Q04837,PVLRQVEGKNPVTIFSL,51
Q04837,YQLGDVSQKTTWHRISV,81
Q04837,RDVAYQYVKKGSRIYLE,103
Q04837,GSRIYLEGKIDYGEYMD,113
Q04837,IDYGEYMDKNNVRRQAT,122
Q00613,KEVLPKYFKHNNMASFV,62
Q04771,LRIKKTLTKIDNSLDKL,497
P13984,DKVVTTNYKPVANHQYN,154
P27824,GAYVKLLSKTPELNLDQ,170
P35659,VTMKQICKKVYENYPTY,349
P36897,RLTALRIKKTLSQLSQQ,490
P12694,KEKVLKLYKSMTLLNTM,107
P12694,AWRKQSRRKVMEAFEQA,389
P36543,LKIMEYYEKKEKQIEQQ,59
P36543,PRMIVRCRKQDFPLVKA,138
P36543,RKQDFPLVKAAVQKAIP,145
P41227,GHITSLAVKRSHRRLGL,78
P39019,VRALAAFLKKSGKLKVP,23
P39019,FLKKSGKLKVPEWVDTV,29
Q07955,NLPPDIRTKDIEDVFYK,30
P30519,TQFVKDFLKGNIKKELF,59
P46940,ALINAAIQKGVAEKTVL,401
P46940,GDNNSKWVKHWVKGGYY,687
P46940,KIGLLVKNKITLQDVVS,924
P46940,LQDVVSHSKKLTKKNKE,935
P46940,EYLLLRLFKTALQEEIK,1027
P46940,VVKEIMDDKSLNIKTDP,1083
P46940,MDDKSLNIKTDPVDIYK,1088
P46940,RRNLGSIAKMLQHAASN,1230
P46940,TELGTVDPKNKYQELIN,1475
P46940,VDYYKSYIKTCLDNLAS,1532
P46940,TCLDNLASKGKVSKKPR,1541
P46940,KKSKKISLKYTAARLHE,1562
P46926,YKNGDLSFKYVKTFNMD,64
P46060,FGDCLVRSKGAVAIADA,279
P46060,FLKVSSVFKDEATVRMA,481
P42226,PQVLKTQTKFQAGVRFL,288
P42166,LEDPSVLTKDKLKSELV,13
P27694,CPTQDCNKKVIDQQNGL,489
P27694,TYNDESRIKATVMDVKP,588
Q05823,EKHKKMKLKIGDPSLYF,684
P13807,FQNLHAQSKARIQEFVR,301
P48449,KAVLLLQEKCPHVTEHI,470
P49662,CHLEEVFRKVQQSFETP,345
Q08209,PPSHRLTAKEVFDNDGK,32
P05120,ILQAQAADKIHSSFRSL,102
P05120,SVNKLFGEKSASFREEY,133
P05120,ECAEEARKKINSWVKTQ,168
P05120,RKKINSWVKTQTKGKIP,174
P30086,KVLTPTQVKNRPTSISW,47
P30086,DYVGSGPPKGTGLHRYV,113
P30086,SGDHRGKFKVASFRKKY,150
P49902,ETREQYPNKFIQRDDTE,140
P49902,DAVDWVHYKGSLKEKTV,211
P54619,NNLDVSVTKALQHRSHY,264
P51825,NMAMFRCKKDIAIKYSR,1067
P51825,RCKKDIAIKYSRTLNKH,1072
P50579,WLDRLGESKYLMALKNL,427
P09543,VDKYRDGTKMVSADAYK,79
P09543,WRLDCAQLKEKNQWQLS,162
P09543,WQLSADDLKKLKPGLEK,175
P09543,SADDLKKLKPGLEKDFL,178
P09543,KKSSETLRKAGQVFLEE,204
P51398,DLLQSSYNKQRFDQPLE,175
P51398,NERFLNQIKVQEKYVWN,203
P51398,LNQIKVQEKYVWNKRES,207
P51398,WNKRESTEKGSPLGEVV,218
P31689,AKKRELYDKGGEQAIKE,66
P31689,LQKNVICDKCEGRGGKK,136
P53602,ILVVSAEKKLTGSTVGM,207
P49914,HGNRLGRGKGYYDAYLK,150
P49915,CSLFRGLQKEEVVLLTH,145
P49915,IEPLKDFHKDEVRILGR,416
P51948,VEIRKKVLKIYNKREED,80
P55011,KIRVFIGGKINRIDHDR,1061
P31949,LAAFTKNQKDPGVLDRM,55
P50552,NCAIVRGVKYNQATPNF,71
P51809,AKIPSENNKLTYSHGNY,42
Q01970,LRKAYTKLKLQVNQDGR,161
Q92947,CIRGFLLEKGMRGLSAP,240
P55809,GGSPIKYNKDGSVAIAS,176
P55809,LANWMIPGKMVKGMGGA,418
P55809,WMIPGKMVKGMGGAMDL,421
P55809,VVTMEHSAKGNAHKIME,446
P55809,GNAHKIMEKCTLPLTGK,455
P55809,KCTLPLTGKQCVNRIIT,463
P55809,CVNRIITEKAVFDVDKK,473
P55809,KAVFDVDKKKGLTLIEL,481
Q13347,TTTSTRIGKFEARFFHL,264
Q15306,LFKAWALFKGKFREGID,78
O00116,DSKFIFNKKGQIELTGK,108
Q16658,ASASSLKKKQIWTLEQP,43
Q16658,LGRYLAADKDGNVTCER,74
Q16658,YTLEFRSGKVAFRDCEG,220
Q16658,PSGPSGTLKAGKATKVG,241
Q13547,PDNMSEYSKQMQRFNVG,89
Q13547,RDIGAGKGKYYAVNYPL,220
Q15404,PPDIGKLTKLQILSLRD,158
Q15404,EYIRSETYKYLYGRHMQ,243
Q14669,QRLTHQDKKSVESTCLC,617
Q14669,LNRGSQALKFFNTHQLK,1259
Q13838,RILALARNKSLNLKHIK,183
Q13838,ARNKSLNLKHIKHFILD,188
Q15019,AFMKAIHNKVNIVPVIA,174
Q15019,AKADTLTLKERERLKKR,190
Q15019,GSNQLIEAKGKKVRGRL,249
Q15019,KVENEDMNKDQILLEKE,318
Q15031,QSWTQSNIKHMRKQLDR,155
Q15031,KLLAQGLIKGQTFRLPS,600
Q15031,LINNKACGKIPVPQQVA,852
Q15084,AAINARKMKFALLKGSF,368
P00533,LVKTPQHVKITDFGLAK,852
Q12929,AEAFSELSKRKKNKKGK,299
Q16795,VSHLNANIKSSSRYLRN,175
Q16795,LRNKAVGEKVVRDAFPE,189
P56377,LVQTVLARKPKMCSFLE,42
Q13216,TASADSRVKLWDVRRAS,212
Q16555,GSGRYIPRKPFPDFVYK,472
P56545,ARGGLVDEKALAQALKE,279
Q05397,SVKAKTLRKLIQQTFRQ,222
P11940,SQRDPSLRKSGVGNIFI,95
P11940,SGVGNIFIKNLDKSIDN,104
P11940,EAELGARAKEFTNVYIK,188
P11940,MTDESGKSKGFGFVSFE,231
P11940,GIDDERLRKEFSPFGTI,312
P11940,VMMEGGRSKGFGFVCFS,333
P11940,AVLQAHQAKEAAQKAVN,620
Q13627,TVADYLKFKDLILRMLD,453
O15228,LVPRYIPQKQSEDMHAF,357
O15228,CVRLGVVEKKKINNNCI,643
O15228,RLGVVEKKKINNNCIFN,645
P56589,LLKNRPSNKLEIWEDLK,100
Q16850,PNPVFLEQKKMLKSGLN,156
O00410,ISAWARMCKILGKEFQQ,613
O95298,KTYGEIFEKFHPIRXXX,114
O95139,RELRRRWLKDQELSPRE,24
O95139,GPMEKFWNKFLENKSPW,49
O95139,FWNKFLENKSPWRKMVH,54
O95299,CTGKGKLAKEIAEKLGF,75
O95299,KLAKEIAEKLGFKHFPE,80
O14832,KEVVGIAHKFFGAENSV,310
Q13200,PKVPDDIYKTHLENNRF,350
Q13200,VDVVGQAGKPKTITGFQ,858
Q13976,QELKRKLHKCQSVLPVP,42
Q13976,LVIDRDSFKHLIGGLDD,322
Q16513,SNGSSKDRKLHGTAQQL,171
O75348,KNRRLKQAKEEAQAEIE,37
O15258,SVGESVHGKPSVVYRFF,14
P34897,KYSEGYPGKRYYGGAEV,103
P34897,THGYMSDVKRISATSIF,181
P34897,SMPYKLNPKTGLIDYNQ,200
P34897,AKVIPSPFKHADIVTTT,269
P34897,DIVTTTTHKTLRGARSG,280
P34897,REYSLQVLKNARAMADA,356
P34897,ELVSITANKNTCPGDRS,409
P34897,LEVKSKTAKLQDFKSFL,464
P34897,QDFKSFLLKDSETSQRL,474
P54886,TSGAVAFGKQRLRHEIL,124
P54886,VGMGGMEAKVKAALWAL,311
P54886,VITDIVEGKKVGTFFSE,347
P54886,ITDIVEGKKVGTFFSEV,348
P54886,DEILLANKKDLEEAEGR,409
P54886,GRLAAPLLKRLSLSTSK,424
P54886,VRDIQKAAKGIPVMGHS,572
P54886,TTKWLLRGKDHVVSDFS,767
O15173,ATSLPRMKKRDFSLEQL,100
O15173,EWEMQFKEKYDYVGRLL,193
P06737,GVENVAELKKSFNRHLH,29
P06737,DRIVALFPKDVDRLRRM,421
P37837,ARRLIELYKEAGISKDR,130
P37837,KLVPVLSAKAAQASDLE,277
P37837,AAQASDLEKIHLDEKSF,286
P37837,EKLSDGIRKFAADAVKL,314
P37837,RKFAADAVKLERMLTER,321
O15269,SRSDIKLFKHNDMADLE,210
O15270,SGATIRIFKHNNMQSLE,281
O95749,KYLLQLPGKQVRTKLSQ,25
Q9Y3U8,ERRAMELLKVSKDKRAL,62
P51649,KERSSLLRKWYNLMIQN,126
O75879,NRNPRAINKLIGLVRKA,529
O43683,VKNEGGECKPEGLFRRL,1014
O43819,LLGLTGSTKQVAQASHS,196
O75880,PGDSTRPSKPGPVSWKS,89
O75648,PNPDIVCNKHIKFSCFF,103
Q9Y2D0,ESVTWIIKKQPVEVDHD,249
Q9UDY4,XXXXXXMGKDYYCILGI,3
Q9UDY4,KKGWKEGTKITFPREGD,213
P51617,AYLPEEYIKTGRLAVDT,397
Q12888,MHSSGSSGKGAGPLRGK,1332
O94916,VGNDSGRVKPHGFYQAC,339
Q9UNL2,QKREDAVSKEVTRKLSE,98
P57060,HIYNKCKRKNILEWAKE,204
Q9UK45,MADKEKKKKESILDLSK,9
Q9Y4L1,KTPVIVTLKENERFFGD,75
Q9Y4L1,QAKLPATEKPVLLSKDI,883
Q9UI09,VGTLVGEDKYGNKYYED,43
Q9UI09,MTDDPPTTKPLTARKFI,101
Q92466,ARLLTTDQKSEIRVYSA,309
Q99471,VQTKYVEAKDCLNVLNK,47
Q14320,EKDESHAGKVVLRSWYE,305
Q9UG63,IHMHNKKLKYYTGNYDQ,304
Q9UG63,IGRYGLTGKQQVSPIRN,508
O94925,GQEKIPVHKFITALKST,158
O94925,VHKFITALKSTGLRTSD,164
O94925,LRTSDPRLKECMDMLRL,176
O94925,SAKKQSGGKVADYIPQL,245
O94925,QRHSTGDTKVPFCLQSC,279
O94925,EYVHRYVGKEPSGLRFN,311
O94925,NFAIGYYLKEKKCFPEG,396
O94804,LNPMRVLLKIAKSDPPT,248
O94804,LKLMKKEVKNEVEKLPR,665
P31937,NGILKKVKKGSLLIDSS,125
P31937,GLDPKLLAKILNMSSGR,242
P31937,AQDSATSTKSPILLGSL,297
P43243,GYSDSAVLKLAEPYGKI,515
P43243,LKLAEPYGKIKNYILMR,522
P43243,AMVDHCLKKALWFQGRC,555
P43243,QKLKKFLNKLAEERRQK,836
O00330,ATRFLKSFKANLENPIR,491
O95249,QLENELDLKLVSFSKLC,26
Q12923,NASIVRVKKLFPGQPAA,1535
Q13439,QMLQREKKKLQGILSQS,173
Q13439,GILSQSQDKSLRRIAEL,184
Q13439,NQQQAASEKESCITQLK,1337
Q13439,EREKQKLGKEIVRLQKD,1944
Q16531,NKVIKSVGKIEHSFWRS,1067
Q99961,QNLCEKDLKEIQHHLKK,152
Q99961,DYKKKRQGKIPDEELRQ,177
Q9NQ66,TPEGRIPLKNIYRLFSA,172
Q9NRZ7,VSMEVAAAKGLPVLKYH,195
Q9UHV9,KSSGSGAGKGAVSAEQV,18
Q9UHV9,TLTQQLQAKGKELNEFR,111
Q9ULC3,NEEAEALAKRLKLRFYR,141
Q9ULC3,EVFKYLAEKYLQKLKQQ,168
Q9Y2A7,SAVKFIVRKFPAVETRN,63
Q9Y5X1,SSMKIPLNKFPGFAKPG,207
Q9Y5X1,NRSVNHRYKHFDWLYER,288
Q9Y5X1,IPIPSLPDKQVTGRFEE,313
O75534,RRATVECVKDQFGFINY,682
O60739,RIQQRNGRKTLTTVQGI,42
P26640,KPKPEKREKRDPGVITY,272
P26640,DRIYHQLKKLGSSLDWD,433
P26640,DVAVAVHPKDTRYQHLK,552
P26640,RKAVLVALKERGLFRGI,645
P26640,VVPLCNRSKDVVEPLLR,667
P26640,CNKLWNATKFALRGLGK,958
P26640,KFALRGLGKGFVPSPTS,966
P36776,KIIEVKNKKLVELLRRK,148
P36776,YKALSLLKKEFELSKLQ,368
P36776,EEKFRERLKELVVPKHV,426
P36776,CIVLPAENKKDFYDLAA,917
P43897,ASSKELLMKLRRKTGYS,52
P43897,ELLMKLRRKTGYSFVNC,56
P43897,LETCGGDLKQAEIWLHK,76
Q01433,VLMSGFSHKVKSHWLGP,810
Q13155,LKEGSSKEKAAVFRSMN,252
Q92538,TGTEQFNQKPKKGIQFL,713
Q92538,TEQFNQKPKKGIQFLQE,715
Q92538,EQFNQKPKKGIQFLQEK,716
Q16585,NKEHNSNFKAGYIPIDE,41
Q9Y2U8,ESTRPVYLKKLKKLREE,41
Q9Y2U8,PNSLTPCLKIRNMFDPV,787
Q9Y2U8,PEYAGKAFKALHGSWFD,849
Q9Y2U8,FDGKLVTVKYLRLDRYH,864
P82650,KILTPIIFKEENLRTMY,211
P82650,HKTYEDIDKRGKYDLLR,255
P82650,YEDIDKRGKYDLLRSTR,258
P82914,IKQEQFMKKIVANPEDT,114
Q9Y3D3,IGCGAHLSKPMEKLLGL,85
Q03135,XXXXMSGGKYVDSEGHL,5
O15198,GRLQVSHRKGLPHVIYC,85
O14734,AQEGVIRVKPQVSESKL,311
P23634,EVEQEKLDKIWPKLRVL,745
O00499,GSKGVTAGKIASNVQKK,13
O00499,SRIAKRGRKLVDYDSAR,146
O60716,ARNKELIGKHAIPNLVK,749
O76031,FGTPSNLGKGRRAAAAA,449
Q99704,GSSRRLDCKVIRLAECV,63
Q9BZE4,QIREKKKLKILESKEKN,494
Q9NQC3,LGHVNCTIKELRRLFLV,1104
Q9NQC3,DHYLGLANKNVKDAMAK,1171
Q9UBB4,LRALTALFKEQRNRETA,34
Q14203,NDGTVQGRKYFTCDEGH,77
Q14203,KLQKLMEKKNQELEVVR,398
Q14203,DRNLNLEEKVRELRETV,453
Q14203,VADYQQTIKKYRQLTAH,518
Q14203,FAETKAHAKAIEMELRQ,567
Q14203,IKELKKSLKIKGEELSE,960
Q14161,SVTAKDLSKQLHSSVRT,135
O75323,KKETSNLYKLQFHNVKP,75
O15530,VDPVNKVLKGEIPWSQE,495
Q99436,LRPYTVPNKKGTRLGRY,237
Q9UGI8,ILTNPVAAKKNVSINTV,101
Q92759,TPAGHSDVKRFWKRQKH,452
P78347,WYGIPRLEKIIQVGNRI,526
Q12980,MCGQKFELKIDNVRFVG,87
Q13045,TFTFSLQKKFESLFPGK,1007
Q9HD20,DWTLTKDEKVFPRSIKT,607
P48059,NTKLTLKNKFVEFDMKP,290
P48059,EFDMKPVCKKCYEKFPL,301
P48059,LELKKRLKKLAETLGRK,317
P48426,LGSSVLASKTKTKKKHF,15
P04792,FAPDELTVKTKDGVVEI,112
P04792,PDELTVKTKDGVVEITG,114
P04792,DGVVEITGKHEERQDEH,123
P04792,QLGGPEAAKSDETAAKX,198
P33992,SQLLKFVEKCSPIGVYT,396
O14617,LLYGMVSKKNLMEIVKK,371
Q9BXP5,RAEIISLCKRYPGFMRV,442
Q9BXP5,VERDEKLIKVLDKLLLY,607
Q9BXP5,CPLSGKKFKGPEFVRKH,723
O95071,EQPLHAMRKGLLDVLPK,2656
O60762,IPEFIRKQKEGNFDIVS,136
Q9UHB6,EVQQPVHPKPLSPDSRA,359
Q15691,LKKVKFQAKLEHEYIQN,66
Q15691,FKILQAGFKRMGVDKII,83
P58546,GADINAPDKHHITPLLS,66
Q9BYT8,LRRLSKHYKDGSPIADD,550
Q9BYT8,IMNPEVGMKYRNLILKP,664
Q9BYT8,FLKREPNQKAFLMSRGL,693
Q9NZM1,VESASNIPKTKFGKPDP,14
Q9NZM1,NAVRGPGPKGPVGTVSE,167
Q9NZM1,VEVSFAGKKVCTNIIEK,407
Q9NZM1,LEKTPPDKKLEPISNDD,553
Q9NZM1,DINRAVDEKGWEYGITI,991
Q9NZM1,TAELILRGKDGSNLPIL,1274
Q9NZM1,SVVIKNLKKTPNFPSSV,1348
Q9NZM1,IDHRQFGRKPVVGQCTI,1386
Q9NZM1,DTFKLYRGKSDENEDPS,1507
Q9NZM1,WIPGNEENKQKTDVHYR,1828
Q9NZM1,EQLCIVAKKEHFWSIDQ,1866
Q9NZM1,DLKAMNPLKAKTASLFE,1934
Q9NZM1,KAMNPLKAKTASLFEQK,1936
Q9UBU9,SALKAVNYKILDRENRR,178
Q9Y619,QPFDTMKVKMQTFPDLY,36
Q9P0M9,VDLITRLPKGAVLYKTF,122
Q9P2Y5,STSNELKKKSECLQLKI,236
O14727,VPVESSLGKEKGLEILS,288
P50454,GTAEKLSPKAATLAERS,39
P50454,ERLEKLLTKEQLKIWMG,287
P50454,LTEAIDKNKADLSRMSG,334
P10606,EREIMLAAKKGLDPYNV,56
P10606,REIMLAAKKGLDPYNVL,57
P10606,DPYNVLAPKGASGTRED,68
Q14739,LELKENDIKPLTSFRQR,55
Q14739,RDEYHCKKKYGVAWEKY,594
Q14739,KKYGVAWEKYCQRVPYR,601
P49589,YDKKTAIHKALCDNVDT,503
P49589,KGQAKKLKKLFEAQEKL,726
Q15428,DFQHRPGGKTGSGGVAS,10
Q9Y617,GTINIVHPKLGSYTKIP,127
Q9Y617,AKGDDALEKRFLDKALE,318
Q9Y617,LELNMLSLKGHRSVGGI,333
Q9Y617,QKLAAFMKKFLEMHQLX,363
Q9BXW7,HRVIPAALKAFRRLVNS,69
Q96FQ6,TGNRKAADKLIQNLDAN,61
P14618,XXXXXXMSKPHSEAGTA,3
P14618,ASRSVETLKEMIKSGMN,62
P14618,VETLKEMIKSGMNVARL,66
P14618,HEYHAETIKNVRTATES,89
P14618,PVAVALDTKGPEIRTGL,115
P14618,SGTAEVELKKGATLKIT,135
P14618,WLDYKNICKVVEVGSKI,166
P14618,ENGGSLGSKKGVNLPGA,206
P14618,NGGSLGSKKGVNLPGAA,207
P14618,TQMLESMIKKPRPTRAE,336
P14618,IMLSGETAKGDYPLEAV,367
P14618,SGAIIVLTKSGRSAHQV,433
P14618,VNFAMNVGKARGFFKKG,498
Q13049,SKDLQARYKAVLQEYGH,182
P56192,ELKAQKADKNEVAAEVA,866
Q9UNN5,DVEDSTVLKSLHLPKNN,157
Q9BW91,AGDDAGKVKWVDINDKL,310
Q9BW91,WVDINDKLKLYASHSQF,319
Q9UKX7,ACVGNAYHKQLAALNCS,158
O00560,ILCKDQDGKIGLRLKSI,124
O00560,NGKITSIVKDSSAARNG,223
O15382,DLQLEMTQKPHKKPGPG,44
O15382,VVERTITMKQLLRALEE,321
O15382,ILRFQKELKEIQYGIRA,377
P19404,YKRIEAIVKNYPEGHKA,68
P49821,SRGDWYKTKEILLKGPD,66
P49821,GLKWSFMNKPSDGRPKY,104
P37235,LEEFIRGAKSDPSIVRL,174
O43172,DLVAPVVKKPHIYYGSL,27
O75575,QRKESGKNKHSSGQQNL,34
O75832,TPLHYAASKNRHEIAVM,116
Q9NVP1,LPVLAIHGKQKQNKRTT,458
O15400,QRISSNIQKITQCSVEI,24
Q9Y5P4,CRGSICLSKAVITPHDF,73
Q15717,DKILQVSFKTNKSHKXX,320
Q14974,TAFGKDVLKLVEARPMI,835
Q14974,KTLATWATKELRKLKNQ,867
O43175,DSLDPCCRKILQDGGLQ,21
O43175,GLIVRSATKVTADVINA,58
O43175,KDGKWERKKFMGTELNG,137
O43175,CPHLGASTKEAQSRCGE,289
O43175,VGLLKEASKQADVNLVN,384
O43175,ADVNLVNAKLLVKEAGL,394
O00635,RQKIRSDFKNLQCFLHE,184
Q9UGM6,EEIVQKFRKAVTDFTSE,253
O00767,AYDRKKVSKAAILARIK,341
Q14764,AEVEVKKFKQMTEAIGP,796
P19838,KAPNASNLKIVRMDRTA,251
P19838,YLLCDKVQKDDIQIRFY,277
Q14019,XXXXXMATKIDKEACRA,4
Q14019,FTTGDAMSKRSKFALIT,72
Q14019,QRAKTGTDKTLVKEVVQ,98
Q14019,KEFVISDRKELEEDFIK,118
P18206,VSNLVRVGKETVQTTED,59
P18206,KNLGPGMTKMAKMIDER,170
P18206,GPGMTKMAKMIDERQQE,173
P18206,NQGIEEALKNRNFTVEK,228
P18206,KVGELCAGKERREILGT,316
P18206,GSSPVAMQKAQQVSQGL,352
P18206,NSKQSIAKKIDAAQNWL,387
P18206,IAELCDDPKERDDILRS,426
P18206,ANRILLVAKREVENSED,768
P18206,DPKFREAVKAASDELSK,784
P18206,YRILGAVAKVREAFQPQ,830
P18206,REATKWSSKGNDIIAAA,983
P18206,KRALIQCAKDIAKASDE,1020
P18206,IQCAKDIAKASDEVTRL,1024
Q9Y3B7,LAAQEEAAKKXXXXXXX,191
Q13561,ARLQSVLGKVNEIAKHK,289
P38606,IKWDFTPCKNLRVGSHI,139
Q9BZQ8,KEECRALTKGLEGTIRS,303
Q9BZQ8,NSKNYLIGKIKAMVAQP,326
Q9BZQ8,SKTAVAIEKVKLRVLKQ,475
Q9BZQ8,EKVKLRVLKQYDYDSST,482
P49257,QNRIHLEIKQLNRQLDM,346
O60925,VIDTQQKVKLADIQIEQ,28
P57105,SGIYVSRIKENGAAALD,48
Q9UIG0,SALSCVISKTARLLSSE,501
Q9Y5U8,LTFMRFAYKVQPRNWLL,72
Q9BZK7,IFALKWNKKGNFILSAG,277
Q9H270,QTKLEMLFKKNLFEMAI,366
Q9H270,DYLVQKLQKQSQQIAQD,781
Q9P253,KEAICSSLKAYNHHIQE,810
Q16854,PEKLLQARKPVQIFERS,135
P32321,KEVIFMSDKYHDSDEAT,131
Q13409,XMSDKSELKAELERKKQ,8
Q14914,QVAKVVESKNVALPKGT,75
Q14914,ESKNVALPKGTIVLASP,81
Q9P2E3,IATSQERLKALLERKSL,1665
Q9NP81,QIRSLEEEKAAVTEAVR,110
Q9NP81,RARGREIRKELVHLYPR,147
Q9NP81,RVLHMVGDKPVFSFQPR,195
Q9NP81,RGHLEIGEKLDIIRQKR,211
Q9Y3D5,NPYKEPLKKCILCGKHV,64
Q9Y3D5,DPAYLKDPKVCNIRYRE,134
P82675,ASPRGPLRKDPEPEDEV,393
O00471,GTGGIQDLKERIRQRTN,388
O60645,KASVEARLKAAIQSQLD,59
Q9NV70,XXXXMTAIKHALQRDIF,5
Q9NV70,LLSIVNVCKAGKKKKNC,28
Q9NV70,VCKAGKKKKNCFLCATV,34
Q9NV70,MDLAKGHIKALQEGDLA,288
Q9NV70,GDLDKAYTKLIRGVFVN,704
Q9H444,GAGGGKAGKGGPTPQEA,17
Q9UJ70,CRFAGFCRKIAEGAQQG,219
Q96KP1,TPSTLHDQKRYIRYLSD,354
Q96KP1,PQLSSGADKKLLEELLN,893
O95155,LNRTVEDLKNNESQWKD,794
O95155,HILTKQVQKPFLRPELG,1106
Q93015,APSPRPPRKAPNLTAQA,223
Q99567,KEEIQRRVKLLCDQKKK,592
Q9H078,HEEGGQLTKKLKQCPNA,441
Q9UKM9,TSSAKIKLKSSELQAIK,183
Q9UKM9,LEQIAAEQKANPDGKKK,216
O60784,VLVRTILPKNNPPTIVH,106
Q96QK1,MKRCLDKNKLMDALKHA,38
O75955,QDYLHSLGKARTAQVQK,166
Q9BYB4,EVTIRPDRKILATAGWD,266
Q9UP95,FCQVVVASKVREGLAHL,769
Q9Y6N5,RVTELNPDKNCIHTDDD,125
Q9Y6N5,CIHTDDDEKISYRYLII,135
Q9Y6N5,IQLDYEKIKGLPEGFAH,155
Q9Y6N5,KIGSNYSVKTVEKTWKA,173
Q9Y6N5,VKTVEKTWKALQDFKEG,180
Q9Y6N5,RNLTVNYKKNLIEVRAD,261
Q9Y6N5,DRTISVIMKNQTPTKKY,365
Q9Y6N5,WGGPAFLRKLFHLGMSX,443
Q96KC8,VTTKAKQLKDSVTCSPG,375
Q9NZ32,VSDLKRGLKIQAAKFNI,225
Q9UI10,GREMTKEEKLQLRKEKK,36
Q14683,IAVTKVLGKNMDAIIVD,540
Q14683,AFGGHQRHKTVALDGTL,637
Q14683,AHGLQMRLKYSQSDLEQ,713
Q9UQE7,KERQKLLEKIEEKQKEL,336
Q9UQE7,DKWIKKELKSLDQAIND,400
Q9UQE7,RQLLNERIKLEGIITRV,820
Q9UQE7,FQKLVPGGKATLVMKKG,1052
Q8TEA8,RVFEDESGKHWSKSVMD,61
Q9BRJ2,SQVSIRRIKDYDANFKI,126
Q9BRJ2,DYDANFKIKDFPEKAKD,135
Q8NBS9,FKPGQEAVKYQGPRDFQ,150
Q10713,DEILLTLEKHGGICDCQ,135
Q10713,FCPTENVAKINREVLHS,232
Q10713,AQYTGGIAKLERDMSNV,299
Q9BPX3,QQPHQNQAKLVVALSRT,26
Q9NTJ3,DKMAVWAKKMTEIQTPE,680
P78344,TRNVDVYDKRENPLLPE,187
P78344,LIHESILHKCIKTLLEK,230
Q9NP79,FARAQKYCKYAGSALQY,277
Q96A49,KMRFALVPKLVKEEVFW,191
Q9H7B2,LKDVYALKKPYGVLYKK,57
Q9H7B2,KALKPKKKKNISHDTFG,252
Q9NUQ2,LGHVRYVLKEGLKWLPL,120
Q9NUQ2,TRYNPEQTKVLSASQAF,183
Q96B97,PSLFGTEGKPKMEPAAS,596
Q9Y3D9,PRVRYGKAKAPIQDIWY,57
Q9Y3D9,YHEDRIRAKFYSVYGSG,73
O94832,ATGRDIIDKQHTEQEAS,329
Q9H845,SPPVRAFAKELFLGKIK,41
Q9H845,FAKELFLGKIKKKEVFP,47
Q9H845,ETLLLRFGKTIMEEQLV,521
Q08378,LELEHEKGKLTGLGQSN,1120
Q92572,IDAQNKLEKSEAGLAGA,149
Q9H6D7,INAQYLEVKCGAMILKL,271
O75907,KWCIRHFYKPMLRRGSS,391
P53582,FKGSWATHKLLHKKAKD,49
P35610,TFSVLEGEKNNHRAKDL,104
Q9BSH4,ADIRHILNKNGGVMAVG,170
Q86UP2,PDQVEGIQKSGTKKLKT,265
Q86UP2,KDRIGTLEKEHNVFQNK,385
Q86UP2,NEVQSLHSKLTDTLVSK,535
Q86UP2,KLTDTLVSKQQLEQRLM,543
Q86UP2,FKILNDQNKALKSEVQK,708
Q86UP2,KEKTVQDLKQEIKALKE,835
Q86UP2,LKQEIKALKEEIGNVQL,842
Q86UP2,AQLNETLTKLRTEQNER,1268
O75400,DPRYSALAKLSEKKQAF,433
Q8NFX7,PEFINCQSKIMGGNSIL,147
Q9H1B7,TPYEVRFKKDHSLLGRV,394
Q9H1B7,GRGLSSGFKYLEYEKKH,458
Q8TDB6,KSGPRVRRKLESYFQSS,25
Q96HY6,PAETHLSGKIGAKKLRK,116
O43395,RSFGEMKFKQCPTENMA,649
O76003,AAPCMLFMKGTPQEPRC,151
Q96J02,GPQKFCIEKVGKENWLP,858
O95639,SGEKTVVCKHWLRGLCK,69
Q96FV9,SNTFYSAGKNYLLRMCN,133
Q8NFJ9,DSLHGFTHKGKKLWTVQ,317
P78527,IFLEKMGQKIAPYSVEI,99
P78527,AIRPQIDLKRYAVPSAG,263
P78527,IRNVDSNNKELSIAIRG,357
P78527,RAAQKGFNKVVLKHLKK,828
P78527,VLKHLKKTKNLSSNEAI,838
P78527,QEKSPVNTKSLFKRLYS,1057
P78527,PEGWKLLKKDLCNTHLM,1361
P78527,CVNLMKALKMSPYKDIL,1407
P78527,ANQKHQGLKLATTILQH,1617
P78527,KSVGPDFGKKRLGLPGD,2702
P78527,LPGDEVDNKVKGAAGRT,2715
P78527,RRFMRDQEKLSLMYARK,2738
P78527,EQKREKEIKSELKMKQD,2758
P78527,EIKSELKMKQDAQVVLY,2764
P78527,LLPAELPAKRVRGKARL,2908
P78527,SCKFSMKMKMIDSARKQ,3241
P78527,MKMIDSARKQNNFSLAM,3248
P78527,FSLAMKLLKELHKESKT,3260
P78527,CLAEIEEDKARRILELS,3355
P78527,VEKMLKALKLNSNEARL,3455
P78527,DTSTGHKNKEFVARIKS,3552
P78527,PVNKKNIEKMYERMYAA,3608
P78527,PGLGAFRRKFIQTFGKE,3631
P78527,RKFIQTFGKEFDKHFGK,3638
P78527,KHFGKGGSKLLRMKLSD,3650
P78527,DSKPPGNLKECSPWMSD,3681
Q14344,ILLARRPTKGIHEYDFE,204
Q14344,IRLVFRDVKDTILHDNL,363
Q9Y530,GIAVLFKKKFGGVQELL,51
Q9UPT5,RQIIKERFKGFNDGLEE,657
O14974,ILAENEKLKAQLHDTNM,947
O14974,DRSLLEMEKRERRALER,984
Q96P70,LKAVTALVKNFPKHMVS,277
P82909,ASRVVQVVKPHTPLIRF,17
Q96JH7,GGDRSLQDKYLLRLVAA,408
Q96EP5,RGFGFVKFKDPNCVGTV,59
Q13426,TKIRSLHNKLLNAAQER,197
Q8IV48,IQCQLSRLKYPPFAKKW,249
Q8TDZ2,GARVVLVEKRTKFSRHN,115
O94851,SKVTTWKAKALWYKLDK,63
Q9H074,EDAWKEKGKMDMEEIIQ,339
P60891,VSPDAGGAKRVTSIADR,176
Q8TDD1,RELALQTLKFTKELGKF,184
Q9HB71,NYGWDQSDKFVKIYITL,85
Q9HB71,ISVEGSSKKVKTDTVLI,144
Q9HB71,VEGSSKKVKTDTVLILC,146
Q8N122,NWQPRARYKQSLDPTVD,120
Q7RTV0,XXXXXXMAKHHPDLIFC,3
Q7RTV0,KIVNLGSSKTDLFYERK,95
P61081,SAAQLRIQKDINELNLP,36
P61081,ICPDEGFYKSGKFVFSF,72
Q86YV9,LIWSPGKGKVMVAAPRL,225
Q9NQ29,PASSFQQQKLRVCEVCS,186
P50570,ESLPALRSKLQSQLLSL,299
P50570,KDEEEKEKKYMLPLDNL,562
P50570,NTEQRNVYKDLRQIELA,598
Q96MU7,PWNEHKPVKIGRDGQEI,472
Q8IVS2,GRQLGAILKSCNMQAWK,359
Q8N8S7,NCAIPKGLKYNQATQTF,69
Q7Z6B7,NLITKLQAKHDLLQRTL,459
Q9P2J5,MAERKGTAKVDFLKKIE,9
Q9P2J5,EVNASNLEKQTSKGKYF,39
Q9P2J5,VKTEDIIIKDKAKGKKS,137
Q9P2J5,NNGKLPDNKVIASELGS,970
Q9P2J5,ELGSMPELKKYMKKVMP,983
O43150,LYKMKKSVKAINSSGLA,59
Q9NRW3,KRRSVVSWKTGVFRNQV,51
Q9NRW3,PFKPWKGLKTNFRLLKR,175
O75427,KLSALKARKNVESFLEA,602
Q13601,SMTVCTTKKTFDPYIII,106
Q7Z4W1,RVLVTGAGKGIGRGTVQ,17
Q8IZP0,NKNTSRTHKIIAPANME,123
Q9NWZ3,IDPQEGWKKLAVAIKKP,34
Q9Y2S7,HGSKEVKGKTHTYYQVL,129
Q9Y2Z4,KRLAAEVTKLVHGREGL,355
P61764,MGTDAEGEKIKDPMRAI,382
P61764,TIEDKLDTKHYPYISTR,497
O95159,GLCKCPKRKVTNLFCFE,10
Q9BQQ3,NDTLKALLKANVEKPVK,60
Q9BQQ3,LKLMVYNSKSDSCREVT,169
Q8N5B7,KQLDWNVRKIQCWFRHR,121
Q96G23,EHFYLTSGKQPKQVEVE,93
P62873,LRQEAEQLKNQIRDARK,15
P62873,KNQIRDARKACADATLS,23
P62854,VFDAYVLPKLYVKLHYC,66
P62318,MLKNAPMLKSMKNKNQG,84
P84022,CTIRMSFVKGWGAEYRR,378
P53680,AVVTVRDAKHTNFVEFR,45
Q9P2I0,NEPRLSDFKQVLLREGI,725
Q969X5,AWKKIQLGKMHXXXXXX,288
Q7L1W4,KLLVLNSLKKMMNVAEL,632
Q9NZZ3,MNRLFGKAKPKAPPPSL,9
P62993,FGNDVQHFKVLRDGAGK,109
P62333,LTEEKFIVKATNGPRYV,72
P62333,VVSSSIVDKYIGESARL,206
P55786,LLRGLVLGKLGKAGHKA,712
P55786,IGGVAGGSKHGRKAAWK,821
P55786,KHGRKAAWKFIKDNWEE,829
P55786,RKAAWKFIKDNWEELYN,832
Q8WWM7,PSLASREGKYIPLPQRV,348
Q8WWM7,QELARIAGKVPGLQNEQ,529
Q6VY07,ISRLICSAKQQQTMLRV,918
Q9Y6D9,AELKNQRLKEVFQTKIQ,619
Q9H2W6,GDFSQAGNKGHHVWVTK,249
Q9H2W6,ELGDYLKPKYLAQVRRF,267
P10155,MALALAVTKYKQRNGWS,170
P10155,TALLRNLGKMTANSVLE,287
P10155,VCEKLCNEKLLKKARIH,312
Q99536,SASKHEALKENGVTHPI,230
Q99536,MANLLTGPKRNLMALAR,295
Q99536,FEKVADAMKQMQEKKNV,372
Q9BSD7,GTIPVPKGKPLALVEEI,150
Q9BSD7,EIRNRKDVKVFNVTKEN,165
Q9BSD7,DVKVFNVTKENRNHLLP,171
P67936,GLNSLEAVKRKIQALQQ,11
P67936,NSLEAVKRKIQALQQQA,13
P67936,DGERERREKAEGDVAAL,44
P67936,LKNVTNNLKSLEAASEK,169
P67936,AASEKYSEKEDKYEEEI,181
P67936,EEIKLLSDKLKEAETRA,195
P67936,ERTVAKLEKTIDDLEEK,215
P67936,KTIDDLEEKLAQAKEEN,223
P23443,ENRKKTIDKILKCKLNL,304
Q9Y3Y2,RFTNMLKNKQPTPVNIR,30
Q9Y3Y2,NQLDAYMSKTKGHLDAE,226
Q8NHV1,HKSEEEKEKEIKLLKLK,248
Q9NW13,ELLKHQKLKDQNIFVSR,478
P68400,MLASMIFRKEPFFHGHD,229
P29558,VSTKAILDKTTNKCKGY,97
O75643,YGISHDDLKGDPLLDQR,944
O75643,MCPLRQFRKLPEEVVKK,1134
O75643,PKMGKTIHKYVHLFPKL,1176
O75643,STDLKLLGKGNIIISTP,1421
P23919,KLLSSYLQKKSDVEDHS,59
P23919,LLSSYLQKKSDVEDHSV,60
Q8NE71,GKGKTTLLKHIANRALS,347
Q8NE71,SQEAPELLKRPKEYTVR,603
Q6NZI2,ATTSNTVSKLLEKVRKV,109
Q6NZI2,VRKVSVNVKTVRGSLER,122
Q6NZI2,ERQAGQIKKLEVNEAEL,137
Q6NZI2,ELLRRRNFKVMIYQDEV,152
Q6NZI2,VMIYQDEVKLPAKLSIS,161
Q6NZI2,QDEVKLPAKLSISKSLK,165
Q6NZI2,LPAKLSISKSLKESEAL,170
Q6NZI2,KTSRDKLRKSFTPDHVV,299
Q8TAQ2,LWLGKNYKKYIQAEPPT,37
Q8TAQ2,FFNGKNKSKTPEIYLAY,457
O60264,HRIKNEKSKLSEIVREF,319
Q9Y6U3,KKESLKSAKMYLETDPS,675
Q9NUP9,HEKAVELLKAAQGKVKL,161
Q13642,XXXXXMAEKFDCHYCRD,4
Q13642,ETFVAKDNKILCNKCTT,86
Q13642,YCVTCHETKFAKHCVKC,157
Q15555,FKLLQASFKRMNVDKVI,126
O95453,EPCTGFQRKLIYQTLSW,211
O95453,VFPRLLDTKLMASTQPF,326
O95453,KIHVSARSKLIEPFFNK,413
Q9HAU5,PAEKTVKKKRPPLQEYV,767
Q92878,XXXMSRIEKMSILGVRS,6
Q92878,KEIEHNLSKIMKLDNEI,264
Q92878,KQNELKNVKYELQQLEG,461
Q92878,LRLAPDKLKSTESELKK,713
Q92878,RKIAQQAAKLQGIDLDR,815
Q92878,LGRSEYVEKFYRIKKNI,1285
Q13546,KHWKNCARKLGFTQSQI,604
Q9UJZ1,DIHVPPRVKESMQMQVE,187
Q9UJZ1,SAINVAEGKKQAQILAS,221
Q9UJZ1,AINVAEGKKQAQILASE,222
Q9UJZ1,QILASEAEKAEQINQAA,233
Q9UJZ1,GEASAVLAKAKAKAEAI,250
Q5VYK3,PVSTRVKLKIVPHLLRS,336
Q5VYK3,TSRDSSTEKLLQKLNGW,1438
Q5VYK3,SSTEKLLQKLNGWYMEK,1442
Q969G3,AYLAYINAKSRAEAALE,146
Q8WVV9,AVTHLNNVKLFGKRLNV,396
Q8NC96,LCIGNITNKKGGASKPR,169
O00401,EEEAKKFRKAVTDLLGR,132
O95202,EGVDSLNVKELQAACRA,373
Q15042,ISSVKKIIKQIISHSSK,809
P30038,AKSFARIKKWLEHARSS,402
Q12906,ALASLRHAKWFQARANG,214
Q12906,LGMDPLPSKMPKKPKNE,342
Q12906,SGPSKKTAKLHVAVKVL,454
Q12906,LNEKRRGLKYELISETG,540
Q12906,FQGAGSNKKVAKAYAAL,574
Q12906,AGSNKKVAKAYAALAAL,577
Q12906,TPLALDANKKKRAPVPV,600
Q9Y697,LITTQTEHKCVLDSCRS,157
Q9Y697,IGRICSSRKVYFHTDAA,226
Q9Y613,YEEISKGRKPTLILRTQ,107
Q9UJW0,DPAKTTMKKAYYLACGF,105
O43159,RTFLRAVTKLGFKIVSK,409
Q9H6R4,MPREILQDKDGLNQRYF,192
Q96E11,MKSVIEALKDNFNKTLN,100
Q96E11,EALKDNFNKTLNIRTSP,105
Q13685,GTIRIWDLKQGSPIHVL,245
Q96IZ0,KQENKTLLKVVGQLTRX,333
Q86TI2,RSIIHGSRKYSGLIVNK,43
Q86VP6,KDLFTCTIKRLKAADID,574
Q86VP6,FTCTIKRLKAADIDQEV,577
Q6P2Q9,EKLQEKARKWQQLQAKR,36
Q6P2Q9,MILRYVKAKADWWTNTA,746
Q6P2Q9,ATQTRTVNKHGDEIITS,2049
Q6ZNE5,EKIQRHNRKLGDLVEKK,171
Q6ZNE5,ILDVNLPKKLCNSEFCG,328
Q8NHP6,VTKNIVAFKVRTTAPEK,363
Q9UJG1,PYEFALKFKVLCTTPNK,51
Q8TB61,TQVLAKASKVIPVMLMG,219
Q96DI7,XMIEQQKRKGPELPLVP,8
Q12931,KPRYTLHYKTDAPLNIR,332
Q12931,DVLQQRLIKFFIDQSKK,424
Q12931,IKFFIDQSKKDAEKYAK,431
O94874,VSYIKKRYKTTQLLFLK,289
O94874,YNNIRLFEKGMKFFADD,556
O94874,DDTQAALTKHLLKSVCT,571
Q9H3S7,FEGCSVLRKYLGQLHYL,70
Q9H3S7,EKSMLDNRKSFLVARIS,199
Q9H3L0,IEREVLLEKFINGAKEI,203
O75475,GDLIFAKMKGYPHWPAR,16
O75475,PRGRPKMVKQPCPSESD,201
O75475,TLKKIRRFKVSQVIMEK,407
Q8WV74,SSRLTGRHKGDVSFPGG,61
Q9NQW7,CADLSPREKVWVSDKAS,287
Q9NQW7,YAVSETIPKDHRCCMPY,304
Q12974,NPTNATLNKFTEELKKY,29
Q8IWR0,PGFLNMKIKFVCAQCLR,709
Q16222,TKEFFTKHKYFGLKKEN,182
Q16222,QLQHHVAQKKIPYVDTQ,356
O14964,TIPKFGIEKEVRVCEPC,207
Q9P0P8,DPTVVKNYKDLEKAVQS,133
P42285,TVLQMDELKCRKRVLRR,852
Q92797,IQALPKLIKLNPIVVKE,912
Q92797,KCDMKSIIKATNLCFAE,964
Q92797,PKVWEGFIKCCQRTKPQ,1040
Q8IUR0,MEARFTRGKSALLERAL,9
Q9NXF1,HKLESWLRKNYLIDFKH,385
Q5K651,ATEEDVKMKFSNEVFRF,214
Q5K651,KNYIPYLTKLKFSLKKS,1259
Q5JTH9,RQAHPVMRKCLQSLCDL,511
Q5JTH9,QALRTLITKGCQAEADR,671
Q9NX58,CNACGESVKKIQVEKHV,14
Q9NX58,PAKGKFNWKGTIKAILK,312
Q9BQG0,VKDQEALMKSVKLLQAL,158
Q9BQG0,QKVPSKLKKLVGSVNLF,231
Q14139,LKLCQPFCKPRSSRLLT,451
Q5VSL9,LLAAAPTSKAKTDSINI,536
Q96LW7,YYPQILTNKEAEKFRNP,46
Q8ND76,YDKHNPEQKQIYRFVRT,169
Q86YH6,LRERIKAGKGVTSAIDL,356
Q9Y2L1,KHKLADICKNLNFRHKM,815
Q6PKG0,PKLQEYLGKFRRLEDFR,1017
Q9P289,ATMLKEILKGLDYLHSE,130
Q9P289,KFIVKNSKKTSYLTELI,280
Q5TC82,VLSRPMQRKLVTLVHCQ,136
Q8IWA0,IASGHMDGKIRLWRNFY,226
Q8IWA0,QPTLVTASKDGYFKVWI,466
Q8IWA0,IQKGISREKVQWGVFVP,628
Q7Z6Z7,ADCRALIDKLKVCNDEQ,25
Q7Z6Z7,NIIRLFLKKGLVNDLAR,2219
Q7Z6Z7,ANTVNAALKPLETLSRI,2248
Q96FZ7,QDKAILQLKQQRDKLRQ,24
Q96GG9,VKGSLDRKKLEQLYNRY,64
Q9NUU7,AMIFCHTRKTASWLAAE,343
O95571,TDFQQGCAKTLYHSVHE,172
Q9Y4W2,FRYLPKAIKAWNNPSPR,295
Q68DU8,GREGQADAKFRRVPRIL,185
Q8IZH2,XXXXMGVPKFYRWISER,5
Q8NCA5,KVPPNHVGKPLLKKPMG,190
Q8NCA5,KSQTEKLAKVYQPKRSV,249
Q9NWS0,QPQPGFCIKTNSSEGKV,57
Q6PML9,ELRRNARAKGMSFYKYV,374
Q6PML9,SVRAIHDVKATDLGLGK,479
Q6PML9,KATDLGLGKVRFKAEVD,487
Q7Z4G4,FLHSDSTYKIKIHTFNK,109
Q86UU1,VLGHVEQLKVRVKELEQ,731
Q86UU1,ESERLARDKNASLQLLQ,873
Q53R41,VNVAKSIAKFLRNVRYR,236
Q53S33,ELRVTQILKEKFPRATA,41
Q86UY8,DSIRDVHIKGIMYRAIE,260
Q86UY8,EKGVLLWDKIHKLQKGQ,355
Q8NE86,IAQAEMDLKRLRDPLQV,332
Q969U7,EVYSLPSRKLVALQLRS,84
Q96AB3,FKEIQKLIKEPAPDSGL,185
Q96EY7,KFIINSYPKYFQKDIAE,126
Q96F86,ALLCGPHVKGAQGISCG,346
Q96N21,GSPGPVTNKATKILRHF,340
Q9BRP8,QPSKEQLEKLARRRALE,186
Q9BSJ8,KPLRIIGVKVHPGQRKE,197
Q9BSJ8,KYFCKAGVKGMQLHGVL,235
Q9BSJ8,DRAQDLPLKKGNKEPNP,493
Q9BSJ8,DLPLKKGNKEPNPMVQL,497
Q9BSJ8,LTVGDSSHKTKTISQTS,833
Q9BSJ8,PLDEAQRRKLDVSVKSN,1054
Q9BUL8,KKEFVKYSKSFSDTLKT,172
Q9BV44,AVLLTQDTKCFTKALSG,449
Q9BW27,RIDEELTGKSRKSQLVR,92
Q9H061,MENHKSNNKENITIVDI,9
Q9H061,FRRILNVTKARIAAGLP,62
Q9H857,RDILIEHYKYPEGIRKY,102
Q9H857,YKYPEGIRKYDYNPSFA,109
Q9H8P0,LSHQFYKSKFVSYPKHR,302
Q9H9A5,LKACKREIKSVMNTAGN,240
Q9HAV4,QFRKEVHIKNLPSLFKK,1173
Q9HC36,KLKGVSLIKVKFEDIKD,167
Q9NP80,NTVTYTSLKTKLSNVIN,677
Q9NQ48,QTAAYRNMKEILTKKND,275
Q9NUJ1,PDLPNLAYKKLKGKSPG,69
Q9NUJ1,ALAIEEFCKSLGHACIR,101
Q9NUJ1,PIRLLHGMKDDIVPWHT,248
Q9NX20,FEDVSIPEKPKLRFIER,47
Q9P015,WVVNMADKKILKPTDEN,281
Q9UHY7,LDRKTTALKQLQGHMWR,111
Q9Y320,YTDVSTRYKVSTSPLTK,207
O43148,IALEDVPEKQKNLEEGH,137
Q07065,RGGGGGGGKSSSSSSAS,78
Q07065,LSDGIHVVKDARERDFT,223
Q07065,SLEESEGNKQDLKALKE,283
Q07065,SEGNKQDLKALKEAVKE,287
Q13501,TVKAYLLGKEDAAREIR,13
Q13501,GPVVGTRYKCSVCPDYD,141
Q6GMV3,KEEVGQYLKKFRLFKXX,134
Q7L5N7,KLDWDGVRKHLDEYASI,362
Q7Z4V5,PKDLFPYDKCKDKYGKP,63
Q7Z4V5,HSEIKFALKVDSPDVKR,487
Q7Z4V5,NTDVVATLKKIRRYKAN,524
O75815,ETAMLKRAKELFTNNDP,541
Q53LP3,RARARAHFKELVNAVAT,57
Q53LP3,RVDPADGAKYVHLKKRF,75
Q5JRA6,QKLSNYEQKIKESKKHV,1240
Q5SRE5,SQIEAELNKHWRRLLEG,38
Q5SRE5,AQTPSASRKSLDAPSWP,1386
Q5SSJ5,AIRKYIIHKYPSLELER,190
Q5SW79,RKSFTSLYKDRCSTGSP,964
Q5SWX8,ENLKHPKAKLDNLDEEW,63
Q5T0F9,ARMHERIAKQYQDAIRA,419
Q5T160,EFSSPNVAKKFHVGHLR,138
Q5T160,AADDKSVAKAAQEFFQR,221
Q5T160,YVTDKGQKKHFQQVFQM,352
Q5T160,LRFDEVLYKSSQDFQPR,511
Q5T160,VAHKTLQIKDSPPEVAG,542
Q5T1C6,QLDKVEGRKFFVSCNVQ,207
Q5T440,TASGQTVGKFRAGQGNV,309
Q5TFE4,VAAIQHNYKMSAFKENC,171
Q5VIR6,TNFEGFLAKRFSGCTLT,360
Q5VW32,AKEVHRSLKIAAGIFKH,148
Q5VW32,QEAEKLYAKAEALCKEY,283
Q5VW36,TLPKLGVHKVCIGQILR,520
Q5W0V3,LETLYTLGKADCPPGMK,96
Q6PKH6,AHVVVSSRKQQNVDQAV,63
Q6PKH6,TGTVCHVGKAEDRERLV,90
Q6UXV4,SSEIEVPAKTTHVLKHS,212
Q6UXV4,PAKTTHVLKHSVPLPTE,218
Q6YN16,GANIVIAAKTAQPHPKL,42
Q6YN16,QQISAAVEKAIKKFGGI,87
Q6YN16,VKMFSGKLKPTMAFMSG,385
Q6YN16,MALAIKLEKLMNQMNAR,409
Q7L8L6,VRLAQERTKFDLLKELY,507
Q7Z5R6,GTQHKMKYKAPTDYCFV,375
Q86X27,DSEKGNSYKFQAGNRMN,548
Q86XP3,EQLMHQIRKSEYTQPTP,270
Q86Y79,KPLGRLALKLGGSARGH,133
Q8WVM0,LLDLRLTDKIVRKAGNL,46
Q8WVM0,RLTDKIVRKAGNLTNAY,50
Q8WVY7,ENREENLLKISRRVKEY,117
Q969Q4,AGKTTLLYKLKGHQLVE,31
Q96SI9,FQARANGLKSCVIVLRI,216
Q9BRS8,LEKDAFLLKHVRRNKLG,117
Q9BSH5,IRLLTWDVKDTLLRLRH,15
Q9H3M7,GQTKVLTQKLSSVRGNH,233
Q9HB90,DYNFHCFRKAIHEVFEV,361
Q9NR12,WGFRLQGGKDFNVPLSI,22
Q9NR12,FAERYAPDKTSTVLTRH,238
Q9NR12,PSCAKCKKKITGEIMHA,347
Q9NR12,PYCERDYEKMFGTKCHG,394
Q9NR12,SKKDRPLCKSHAFSHVX,450
Q9NVJ2,LDEKQLIEKMNLSAIQD,146
Q9NVV4,TVLIHCPEKISENKFLK,85
Q9NVV4,CPEKISENKFLKYLSQF,90
Q9NWU5,PKTAVAHAKEYIQQLRS,191
Q9UDT6,DRVLVGGTKTGVVRYVG,231
Q9UDT6,FGLFAPIHKVIRIGFPS,284
Q9UDT6,TSHICEVEKEIALLKAQ,394
Q9UDT6,LVESVRKEKVDLSNQLE,428
Q9UH65,SLPDKDGKKCLFLVKCF,272
Q9Y5B9,DGELNLMKKAASITSEV,185
Q9Y5B9,TCAMGIRFKSYCSNLVR,280
Q9Y5B9,EGSLVINSKNQYKLKKG,366
Q9Y5B9,LNRSNPKLKDLYIRPNI,663
Q7L5Y9,CLAWCHDNKSRLRKMKS,186
O95319,ISAKVFIDKQTNLSKCF,458
Q6P2E9,GSMKENISKLLKSKNLT,1087
Q6P2E9,NISKLLKSKNLTDAIAR,1092
Q6PI48,AELLNACKKLPFEIKNF,154
Q6UXN9,PKRTLYSKKYGVDLIRY,63
Q7Z7A4,GPDKYLSDKDFQCLIKL,192
Q86W11,GKAFCQSSKLIRHQRIH,315
Q8IYB8,NEVKKVLDKFYKRKEIQ,99
Q8N684,CRVLISSLKDCLHGIEA,397
Q96AG4,VKLDLSKNKLQQLPADF,73
Q96AG4,SFAQLKNLKWLDLKDNP,111
Q96AG4,VAGDCLDEKQCKQCANK,135
Q96AG4,KQCKQCANKVLQHMKAV,143
Q96AG4,ANKVLQHMKAVQADQER,149
Q96AG4,RRKEYDALKAAKREQEK,207
Q96DA6,LGVSPTANKGKIRDAHR,75
Q96DA6,IMLLNHPDKGGSPYIAA,93
Q96DA6,IAAKINEAKDLLEGQAK,107
Q96QE5,NRFLRKLLKPDIERERL,156
Q9HA77,KGNVYFDLKSRGDKYGK,198
Q9HA77,EEKMSKSLKNYITIKDF,323
Q9HA77,LSSTKRAVKAALADDFD,407
Q9Y4F1,FIRLGSLSKLSGKGLQQ,768
O14979,GEVVDCTIKTDPVTGRS,180
Q15020,EDWDIAVQKTETRLARV,568
Q15020,EQRMKAAEKEAALVQQE,586
Q5T5C0,PSGTILRLKGAILRMAF,855
Q5T5C0,VICSEKQAKVISLPTQN,924
Q8NHV4,LAIGSSRGKIYQYDLRM,271
Q96KG9,CELVGANPKVRPNPARF,249
Q99570,PAIAQLLKKLLSQGMTE,773
Q99570,ELQQLIQQKREQCNAER,951
Q9HD26,QSVSQINHKLEAQLVDL,93
O60934,VLTLKDNSKYGTFVNEE,73
O60934,KTFIFLNAKQHKKLSSA,233
Q53FA7,PLVTAGSQKKLQMAEKL,176
Q53FA7,AAAGFNYKKEDFSEATL,194
Q53FA7,AHKYMEANKNIGKIVLE,321
Q8WWV3,AWVIDKYGKNEVLRFTQ,53
Q8WWV3,QDASELVRKLGADDVID,246
Q9NR30,YEQVDLIGKKTQKTAIT,402
P42574,TNGPVDLKKITNFFRGD,138
Q9H2K8,IELEKLAKKQVAIIEKE,514
Q9H2K8,KVAAADEKKFQQQILAQ,532
Q9NRN7,EFFHIMKRKFTNKEWET,151
Q495M9,SVPLGPRKKILGAVRRR,438
Q15397,KYSRNIVKKFLMYGSKP,221
Q15397,EHVGMKNLKSWASVNRG,591
Q9P1Q0,VITAKNIIKQCVINKVS,414
Q9P1Q0,DICHDRAVKFLMSRAKD,616
Q9P1Q0,VKFLMSRAKDGFLEKLN,623
Q00765,RFDRFLHEKNCMTDLLA,16
P0C0S5,GGVIPHIHKSLIGKKGQ,116
P49792,KERGIGNVKILRHKTSG,1220
P49792,AKLEQLAAKFKTPELAE,2125
Q6IA86,KTLLASACKAAKKEHAA,587
Q92540,ITTLQGQAKNRANPNRS,77
Q92540,TNLQKALSKALESRDEV,232
Q5MNZ6,TRIATASEKGTLIRIFD,206
P22570,FYTAQHLLKHPQAHVDI,59
P22570,HLERTDITKAALGVLRQ,209
Q07157,LRKSGKNAKITIRRKKK,103
Q8N163,IRLSAEQAKQLVSRVVT,742
P22830,TAQHAQGAKPQVQPQKR,57
Q16630,GVGSEASSKKLMDLLPK,138
Q13191,AADRRTVEKTWKLMDKV,48
Q96SZ5,FPENLSKLKSLLTQLRA,55
Q969R2,LLKWTNYLKGYQRRWFV,197
Q9H2D6,TTSTSQWKKHWFVLTDS,1809
Q13753,AVVQGLVEKLEKTKSLA,819
P53667,LARLMVDEKTQPEGLRS,489
Q86W92,SEVKRLQEKLVCKMKGE,286
Q9BZF9,EKVTSILAKKGVNPGKL,56
Q9BZF9,LAHKVAECKALALECER,475
Q9BZF9,QKSGELGKKITELTLKN,704
Q9BZF9,TLKNQTLQKEIEKVYLD,717
Q9BZF9,RKLLDVTQKYTEKKLEM,774
Q9BZF9,LKSNIVELKKQLSELKK,824
Q9BZF9,TIQECIKVKYAPIVSFE,984
Q9BZF9,KQENDKLKKEIFTLQKD,1035
Q9BZF9,EKEQQTVTKLHQLLENQ,1151
Q8N465,LRTLRGCSKVLLRPRTS,101
Q9P2B4,EENRTKTLKEEMESLKK,264
P49406,RVQEIQVVKLEKRLDDS,178
P49406,QKVPVNELKVKMKPKPW,221
P49406,SKIEAAIWKEIEASKRS,284
O43865,VHRLYQLSKAGKLCVPA,267
O43865,LYQLSKAGKLCVPAMNV,270
Q92665,EKHLESFPKQGPIRHFM,343
Q6P158,PFVSPWDKKEEANQKKL,1104
Q8NEZ3,KIDAKYKKKIEGMVRRP,1233
Q567U6,RRKVISLNKQIAQKTKH,324
Q567U6,AALEKIESKADPSILQN,377
Q86V48,NEERNLTKKISSELEML,150
Q86V48,TSSETVFGKRGHVLGNG,541
Q86V48,ALRSRAIIKPVIVDKDV,757
Q3SYG4,DVEMKELQKIIKDVNKS,390
Q8IYB5,RSCREKAQKLNEQHQLI,12
Q9Y2W1,GHRGFVPEKNFRVTAYK,519
Q8IXI1,FAHCASVYKHHYMDGQT,509
Q9P0K7,EKVASLLGKKGASATKH,41
Q9P0K7,CIRKLLQSKCPAESVDS,109
Q9P0K7,QLTNVSRAKAEDALSEM,694
Q9Y263,AEEIKAFEKELSHATID,315
Q9Y263,ANPTQILGKLKELNGTA,554
Q9Y263,INLLNPKGKPANQLLAL,652
Q8IZQ1,KLDSKAIAKQLGISSHE,1353
Q7Z478,LAAKLLDAKEQAATFKL,275
Q7Z478,KSPNPSFEKVPVGRYWK,401
P26232,KSGNEKEVKEYAQVFRE,415
Q13190,RSEFTLMAKRIGKDLSN,99
Q9Y606,FQRCARTDKGVSAAGQV,147
P13995,GRKLAQQIKQEVRQEVE,50
P13995,RTGIPTLGKNVVVAGRS,194
Q9Y3C1,KNYYQDTPKQIRSKINV,146
O95671,YAMETAKQKALEVANRL,65
O95671,EVANRLYQKDLRAPDVV,76
Q8TCS8,FTPSPEIVKYTHKLAME,285
Q8TCS8,VFTDYEHDKVSRDEAVN,306
Q8TCS8,LVTKTDPEKGEIEDYRL,521
Q8TCS8,DFKIAGTNKGITALQAD,552
Q8TCS8,IQQASVAKKEILQIMNK,583
Q8IZL8,CRTLSVSSKNISLHGDG,354
Q96S99,LLGEGVLTKECRKKAKP,44
Q13362,PDFQPNIAKKYIDQKFV,156
Q13362,FDDCTQQFKAEKLKEKL,413
Q9Y6D6,GKSKPNLLKQETSSLAC,1721
Q8N3R3,QKPGFKSLKPTQLTFYV,81
Q86X83,FLRRGANPKIYEGAARK,42
Q14192,LVDKPFAAKEDQLLCTD,83
Q14192,PGTRKMEYKGSSWHETC,118
Q14192,IGTKSFIPKDNQNFCVP,144
Q14192,AMQCVQCKKPITTGGVT,167
Q14192,TYREQPWHKECFVCTAC,183
Q96AE4,LRITGDPYKVQQAKEMV,243
Q96AE4,DAGVRIQFKPDDGTTPE,312
Q96AE4,GKTGLIIGKGGETIKSI,394
Q96AE4,IGKGGETIKSISQQSGA,400
P11413,RLTVADIRKQSEPFFKA,82
P11413,RKQSEPFFKATPEEKLK,89
P11413,YGNRYKNVKLPDAYERL,432
P11413,PTEADELMKRVGFQYEG,497
P19367,DDQVKKIDKYLYAMRLS,24
P19367,ADVVKLLNKAIKKRGDY,191
P19367,TPELLTRGKFNTSDVSA,333
P19367,TSDVSAIEKNKEGLHNA,344
P19367,VGVDGSLYKTHPQYSRR,418
P19367,LITWTKGFKATDCVGHD,624
P19367,RNILIDFTKKGFLFRGQ,763
P19367,RGQISETLKTRGIFETK,777
P19367,SRIMHQTVKELSPKCNV,880
P19367,QTVKELSPKCNVSFLLS,885
Q9H2U2,SPFHDIPLKVNSKEENG,69
Q9H2U2,EIPRWTNAKMEIATKEP,105
Q9H2U2,NAKMEIATKEPMNPIKQ,111
Q9H2U2,NANDPEASKFHDIDDVK,216
Q9H2U2,TLNWFRLYKVPDGKPEN,242
Q9H2U2,RLYKVPDGKPENQFAFN,247
Q9H2U2,AFNGEFKNKAFALEVIK,261
Q9H2U2,IKSTHQCWKALLMKKCN,276
Q9NSK0,VYRDQNKYKEAAHLLND,270
Q8TD19,KRRREMEEKVTLLNAPT,318
Q00653,EQEAKELKKVMDLSIVR,183
Q15257,NQGLIRMYKAECLEKFP,331
Q15276,FNQKRAKFKELYLAKEE,47
Q15276,NQLKHTWQKANDQFLES,282
Q15276,AETRDQVKKLQLMLRQA,559
Q9UQ90,AARVRSLFKEARARAPC,395
Q9UQ90,PRDQHLFTKEQLFERMC,619
P37108,KISTVVSSKEVNKFQMA,74
Q8WXH0,KSDVCMYRKNIYNVKST,572
Q8WXH0,SSVGQKIIKDDIKSLQC,2329
Q96I51,NSYGQCGRKVVENEIYS,209
O60306,MTCTHAALKRHDLVKLG,1045
O60306,ALKRHDLVKLGFKYDNI,1051
Q96A26,TYNRVPLHKPTDWQKKI,62
Q5JPH6,LSEGLEGTKYSNVMKLL,480
Q5JPH6,GTKYSNVMKLLRMALSG,486
Q8NCE2,SGDTHLFDKVRGYDIKL,194
P85037,LSLNRYFIKVPRSQEEP,365
Q15642,TEVEQAYAKQLRSLVKK,44
Q16666,IVKVLSTTKPFEYETPE,214
Q16666,VKVLNTSLKEKFNGKKI,250
Q16666,LHKKTVNQKTTIYEIQD,330
Q16666,EMHSFIQIKKKTNPRNN,389
Q16666,ADRNMEIPKGLIRSASV,663
Q16666,NCEEGDKLKLTCFELAP,734
P27986,NVGSSNRNKAENLLRGK,633
Q9BZ23,VESLKSIRKYLTSNVAY,250
Q14BN4,HVYLDEPIKIGRSVARC,29
Q13085,GGGGKGIRKVNNADDFP,323
Q13085,RLTFLVAQKDFRKQVNY,1334
Q9H694,QPSKSVIVKSVERNALN,398
Q0JRZ9,FDVLYHNMKHGQISTKE,26
Q9H7D0,YTLQNKSKKGIFPETYI,56
Q96CN7,ADKDHPKFKEIQNLIKA,279
Q96CN7,FKEIQNLIKASAPESGL,286
Q0VGL1,HRGMNVPFKRLSVVFGE,64
Q1KMD3,XXMEVKRLKVTELRSEL,7
Q2TAL8,FSKVLRQTKKNPSNPKD,655
Q0ZGT2,AEILLSSSKPVPKTYVP,16
Q0ZGT2,KNLKSKFEKIGQLSEKE,454
Q0ZGT2,EKIGQLSEKEIQKKIEE,461
Q0ZGT2,RSGAPWFKKPLKNTSVV,586
Q0ZGT2,APWFKKPLKNTSVVDSE,589
Q147X3,PDIMRLITKDLSEPYSI,233
Q2NKX8,KKKCPKLNKPQPQPSPL,749
Q14CX7,LRFFHSNQKDTSEYIIQ,575
Q96MF7,DLKLLVEKKFLALQSKN,107
Q96N67,HGELHEQFKRKTILTTS,1962
Q96N67,ELHEQFKRKTILTTSHA,1964
Q9UM54,EYLKAGSMKDPLLDDHG,307
Q9NZJ4,LNYLQSSGKQIAKVPGN,599
Q9NZJ4,DQGISSYTKLKGCKVLH,943
Q9NZJ4,GLKVSCFEKLQTTLRVK,4052
Q9NZJ4,NDIYRIGEKLDSLGVKY,4135
Q8IY18,RVIQETRLKQIYTAEEK,610
P04908,IRNDEELNKLLGRVTIA,96
Q2KHT3,KYLYHVLTKNTTVTEQN,35
Q5VZF2,HPPAHLQAKIKAAQHQA,243
Q3YEC7,VEVWDVVDKGKCKKRGD,104
Q9Y4W6,GGGKRGGKKDDSHWWSR,122
Q9Y4W6,FVNFLKNPKQYQDLGAK,331
Q9Y4W6,IFIGPPDIKGRASIFKV,481
Q9Y4W6,IKGRASIFKVHLRPLKL,488
Q9Y4W6,LKLDSTLEKDKLARKLA,502
Q9Y4W6,LDSTLEKDKLARKLASL,504
Q9Y4W6,HLSDSINQKHFEQAIER,543
Q9Y4W6,ERVIGGLEKKTQVLQPE,558
Q9Y4W6,RVIGGLEKKTQVLQPEE,559
Q9Y6B7,QTDVLVRVKGPLLAACS,278
P20810,MEGPHLPNKKKHKKQAV,23
P20810,AGITAISGKPGDKKKEK,123
P20810,TPAVPVESKPDKPSGKS,143
P20810,VPVESKPDKPSGKSGMD,146
Q9UEU0,AASSEHFEKLHEIFRGL,13
Q14997,GRWLNKLMKLLQRLPNS,355
Q14997,RRLHRERYKKPSWLTPV,374
Q9H832,YPIHPPRVKLMTTGNNT,166
Q6PJI9,KAKLLKILKDTALQKVK,466
Q12802,ANCSAFVHKGCRESLAS,1829
Q9Y4F5,NDMRIPDQKYVTLKLND,77
Q9NUT2,LTTDVQEFKSSFKLVIS,263
Q9NRK6,GRYLRKLTKVTQDSLAQ,341
Q9NRK6,TEIEKYASKVDHVMQLA,380
P11274,SLKRMPSRKQTGVFGVK,1047
P11274,VVTKRERSKVPYIVRQC,1066
Q04721,ANRDMQDNKEETPLFLA,2009
Q9UPM8,LTSKHEEEKLIQQELSS,54
Q12797,PKLLNKFDKTIKAELDA,339
P98082,GDGVKYKAKLIGIDDVP,53
Q14980,RALQQVQEKEVRAQKLA,891
Q8N5C6,LMGVDPGYKHGCKLAII,547
Q9NWX6,NNELPMYRKGTVLIWQK,237
O43837,SYDMRLRRKLDLFANVV,135
Q14145,VSIEGIHPKVMERLIEF,131
Q8TCG1,HLEVISGQKLTRLFTSN,40
O15042,LESGKRPKKPGQSFQEQ,866
Q06265,VSCELVSPKLNRATEGI,67
Q9ULP9,IAKTVSPEKLLEKAFAI,284
Q9ULP9,VSPEKLLEKAFAIRLFS,288
Q9NW15,KNRIIAKKKDGGAQLLF,44
Q9NW15,PQAKLYPGKSLLRRLLT,155
Q9NW15,EALKQQQMKLVTENLKE,641
Q9NW15,MKLVTENLKEEPMESGK,648
P27635,TGMRGAFGKPQGTVARV,121
Q63HR2,TQESQSNVKFVQDTSKF,1131
Q96HS1,SGEEELASKLDHYKAKA,88
Q96T76,HLYRLSFLKEDSQSCRV,496
Q9NRL3,LQKAVTAKKNAALDVEP,475
Q9C0F1,KRLDCLEQKMKGKVMVD,264
Q96CB9,PSRIARLQKILHSYVPE,215
P42704,RIPKKLLQKVFNDTCRS,107
P42704,ASKILGFMKTKDLPVTE,224
P42704,KQTLEKVEKSELHLMDR,295
P42704,RQYFHQLEKMNVKIPEN,613
P42704,PRIHDVLCKLVEKGETD,864
P42704,DVLCKLVEKGETDLIQK,868
P42704,TGNYKEAKKIIETPGIR,909
P42704,IACRLNQKKGAYDIFLN,1049
P42704,TQVRRDYLKEAVTTLKT,1121
P42704,FGLAYLFRKVIEEQLEP,1224
P42704,LMKSYVSEKDVTSAKAL,1332
P42680,NLFESSIRKALPPAPET,155
P42680,ALPPAPETKKRRPPPPI,164
Q8N3C0,LTGDMQLSKSEILRTQM,572
Q5JSL3,YENVIAQRKTQIYSDPL,53
Q5T1M5,ETSEQAQSKFKSEKQNR,707
Q6PI26,WIQKVKSKKLAALAEAL,397
Q9H6T3,DSQKALVLKEKGNKYFK,137
Q9H6T3,ANRAMAYLKIQKYEEAE,328
Q9HCE0,ADFHHAASKALRVPAEG,1368
Q8N999,NKQAEKRFKNFLHSKEN,91
O00139,SGKNQDCSKGIYALAAR,336
Q9H4B0,GNRFHFDIKPPLHHAKN,240
Q9P1Z2,LKDKVAQMKDTLGQAQQ,325
Q9NUQ6,AEQPCNPSKPKAKTSPV,189
Q9NWH9,TDLRVIDLKSELKRRNL,31
Q9NWH9,SNTKAADLKNLFGKYGK,401
A0PK00,QKKHLKDLKLTLQRCKR,58
Q96RK4,GMCFFGKKKYVAAISCL,285
A2RUC4,QYLYLKGTKSEVLNIDN,194
Q7Z3J2,KPITVTESKTKKVNRKG,44
Q7Z3J2,KDAWASDQKVKALKIVI,204
Q7Z3J2,SDQKVKALKIVIQCSKL,209
Q9BUQ8,LEEERKKRKQFQDLGRK,196
Q9BUQ8,LSNLKAGAKDILVATDV,715
Q66K74,LSRGPVPAKPTVLFEKM,380
Q96KR1,VSITERALKLVSDSLSE,756
Q96KR1,EGGKDRALKGVLRVGVL,786
Q5T2N8,RYIEARLGKPSLVRETS,105
Q5T2N8,TGKTLFAKKLALHSGMD,189
Q5T2N8,FLRKRATEKISEDLRAT,249
Q5T2N8,MYLNEYVLKPATEGKRR,320
P49585,TEEDGVPSKVQRCAVGL,33
Q27J81,TMVAPRARKEPKEITFL,625
Q27J81,MIRAGDTTKFDVEVLKQ,666
A5YKK6,AYGSPWCNKQITRCLIE,1708
Q9P260,QCWEQINHKYPERRLLV,612
Q69YN2,LANVGNPEKKKYLYAFS,234
Q7Z2Z2,IVRVAVEPKHPSEMPQL,625
Q8N556,KDNKLIFHKDRTDLKTH,378
Q6NUK1,IMMQVHGSKSDKMNIFG,228
Q6NUK1,QVHGSKSDKMNIFGGFR,231
Q6NUK1,MKTRLAVGKTGQYSGIY,320
Q6NUK1,YSGIYDCAKKILKHEGL,332
Q6NUK1,YDCAKKILKHEGLGAFY,336
Q6NUK1,GLFRRIISKEGIPGLYR,437
Q9NTJ5,RYIAFDFHKECKNMRWD,342
Q9NTJ5,QYAGTGALKTDFTRTGK,456
O43414,FKQWINLKKAYSFAMGC,277
O43414,LAYRGFIFKQTSKPFXX,331
Q16881,YRVALREKKVVYENAYG,274
Q16881,ATNNKGKEKIYSAERFL,300
Q16881,IGRDACTRKIGLETVGV,449
Q99797,PVGAAFNVKPQGSRLDL,50
Q99797,IAQEKALRKTELLVDRA,87
Q9NXC5,YGVSGSPTKSKVTSCPG,769
Q14444,RNLEKKKGKLDDYQERM,74
Q9NNW7,VQLQDRKVKYFNIKASF,153
Q9NNW7,EHTVCGVAKGGKEILLS,172
P28074,AYIASQTVKKVIEINPY,91
A6NHR9,QHVKISLTKASNLKLMP,1304
A6NNL5,ASRAAARPKPSASEVLT,29
Q0IIM8,EEGKHCFAKEDDPEKFR,133
P51114,QVPRNLVGKVIGKNGKV,295
P0C7P0,VVALKTPIKVELVAGKT,48
Q9UMS0,NSLKFIPGKPVLETRTM,78
Q9P0J7,LLTRLNDPKMSETERQS,300
Q5R372,LYSFCTAFKRSSRQVSD,252
A3KMH1,DKWLLVESKTNQKYLLT,1286
A3KMH1,SRYGIHPAKFAQILTRD,1843
O14802,LTFPEKVNKANINFLRK,398
Q14644,VKIKIGEAKNLPSYPGP,22
O00291,INTQEVAVKEKHARTCI,56
Q14573,ESEEKLCIKVLRTLQQM,1664
Q15291,GTSNTTAIKSIEFARKG,202
Q13586,KEHMKKMMKDLEGLHRA,246
Q92552,DRALQVMEKVAASPEDI,265
Q93086,KKREFYRDKKYEEVRGL,349
Q9UK39,SEPPYTTWKIRTSGECR,365
Q9HD33,VDSMDALDKVVQEREDA,144
Q14008,SKIGDKNWKIRKEGLDE,875
O75167,ELKRRLSRKLSLRPTVA,558
O75167,WARLTPADKAAIRKELN,604
P23284,TRGDGTGGKSIYGERFP,116
P23284,ERFPDENFKLKHYGPGW,129
P23284,FPDENFKLKHYGPGWVS,131
P23284,VKTAWLDGKHVVFGKVL,165
P23284,VEKPFAIAKEXXXXXXX,215
O95347,NANVLFKTKFVDGVSTV,1160
Q99973,QFDEYQLAKYNPRKHRA,379
O94855,KAVLHQPLKVIREILVN,803
Q96RF0,QVPVHRRYKHFDWLYAR,314
Q96RF0,ISVPHLPEKQATGRFEE,338
Q96RF0,VESKIDGFKCFTKKMDD,432
Q96RF0,DGFKCFTKKMDDSALQL,437
P16260,GGIAGCCAKTTVAPLDR,51
P10515,LLVRKELNKILEGRSKI,466
P10515,NKILEGRSKISVNDFII,473
P10515,AQWLAEFRKYLEKPITM,637
P29590,LSSCITQGKDAAVSKKA,394
Q16643,PDNPREFFKQQERVASA,295
P14324,LEYNAIGGKYNRGLTVV,123
P14735,NAVDSEHEKNVMNDAWR,192
P14735,QLYKIVPIKDIRNLYVT,308
P17931,RRVIVCNTKLDNNWGRE,176
P17931,SVFPFESGKPFKIQVLV,196
P17931,LQYNHRVKKLNEISKLG,227
P82933,FHFVDRLGKHDVTCTVS,325
Q00341,VPLEERKYKDMNQFGEG,90
Q00341,SGKLDAVMKARKDIVAR,138
Q00341,PDDPSNQIKITGTKEGI,197
Q00341,VRIPPDSEKSNLIRIEG,477
Q00341,SRMENERTKDLIIEQRF,510
Q00341,FHRTIIGQKGERIREIR,526
Q00341,QFHKNIIGKGGANIKKI,599
Q00341,SETIIITGKRANCEAAR,632
Q00341,LHNSLIGTKGRLIRSIM,672
Q00341,SSDVEKAKKQLLHLAEE,714
Q00341,QLLHLAEEKQTKSFTVD,723
Q00341,LHRYVIGQKGSGIRKMM,991
Q00341,YHPKIIGRKGAVITQIR,1071
Q00341,GARGKAIRKIMDEFKVD,1152
P49754,HLKKDSQNKTLLKTLAE,508
P46063,TMLNASSSKEHVKWVHA,167
P46063,KMFMSRLEKAYEARRFT,206
P46063,CKDSAFERKNITEYCRD,487
P46063,CRDLIKILKQAEELNEK,501
P46063,KQAEELNEKLTPLKLID,509
P46063,LNEKLTPLKLIDSWMGK,514
P46063,KLIDSWMGKGAAKLRVA,522
P98175,KTINVEFAKGSKRDMAS,383
P05556,AVTTVVNPKYEGKXXXX,794
P42694,AVLCCMQLKGKLQPVST,105
O15091,HKACLPDAKTQRLFFKW,512
Q07866,LYGKRGKYKEAEPLCKR,314
Q07866,NNLASCYLKQGKFKQAE,393
P26378,LRLQTKTIKVSYARPSS,118
Q7Z2W4,YGEEKDKRKNSNVDSSY,629
Q9H792,ENREEVVGKIRSLHTDA,1289
Q9H792,RDSLAQHGKSPDLYERQ,1484
Q9H792,IVSNFSQAKQKSHLVDP,1560
Q9Y305,GSEPELREKYLTVQNTV,103
Q9Y305,VDKIDMCKKSLSPEQDI,157
Q9Y305,VWMENSKLKSLEICHPQ,294
Q9Y305,KEVPLVFPKTYGESMLY,407
Q9Y6M1,KENSGAAEKPVTIHATP,240
A2RRP1,FSKLTLEQKELCRCRRK,679
A2RRP1,LLEKHGLEKPISFVKNT,1057
P51790,PAESPRPLKLRSILDMS,750
Q86TV6,QGASPRGPKPQLTEVRK,72
P49756,QAFGFCEYKEPESTLRA,135
P49756,IGEKKLLVKVDAKTKAQ,160
P49756,TEEKRKHIKSLIEKIPT,739
Q96P48,VSHSGFLYKTASAGKLL,752
Q96P48,VDDVSSALKRFLRDLPD,1032
P29317,YFSKSEQLKPLKTYVDP,583
Q9UKV8,HPPAGDGKKPSIAAVVG,608
Q9UKV8,TDKNERVGKSGNIPAGT,726
A1X283,ALLVPPKAKPFLSNSLG,805
P23470,YVECFSAQKECNKEKNR,1172
Q9UPA5,EAYEEMMRKAELLQRQQ,1194
O95678,EQIKTLNNKFASFIDKV,159
P41252,GQKMSKRKKNYPDPVSI,606
P41252,RDRKTIPIKYPLKEIVV,844
P41252,IHQDPEALKDIKSLEKY,861
P41252,EPDHMVLGKRLKGAFKA,903
P41252,PYPVSPSDKVLIQEKTQ,1051
P41252,SDKVLIQEKTQLKGSEL,1057
P41252,LIQEKTQLKGSELEITL,1061
P49916,DPNAYEAFKASRNLQDV,442
P49916,DRPLCERRKFLHDNMVE,615
P49916,EGLVLKDVKGTYEPGKR,663
Q8N9R8,FDVYTKLWKFQQQHRQV,103
Q99590,KSGEVNSTKVANLVKAY,1428
O95425,KEVTLAQRKIAFQLAKH,1617
Q9Y6M5,QIDIRNLIKELRNVEGV,358
Q9NUQ7,EIFLKKALKHVLSDLST,36
O00170,SLRNIAVGKDPLEGQRH,112
O00170,VKAYFKRGKAHAAVWNA,273
O00203,IVGMIAKGKNASELFPA,74
O00203,AVVKNVASKNIEIKKLV,90
O00203,HRLLIRNTKPLLQSRNA,305
O00203,KSEAGIISKSLVRLLRS,337
O00203,LREFQTYVKSQDKQFAA,414
O00203,GENCERVPKIAPDVLRK,512
O00203,NVKSGALSKYAKKIFLA,592
O00203,GALSKYAKKIFLAQKPA,596
Q9Y2D5,DEEHLESHKKYKERKER,263
Q9ULJ7,TKMFTGFRKISLDDLRK,251
Q9ULJ7,LTLEDFQRKLDILSKLL,388
O75962,MIEEHSQLKKKVIKAPI,264
O75962,SQLKKKVIKAPIEDLDL,269
O75962,KDFLKYSKKASLDTSEL,2120
Q9Y6K8,TQRRLMNFKQNAAPLVK,279
Q15021,LLAKASYKKAIILTREA,531
P0CB38,NVFIKNLDKSIDNKTLY,107
P09038,KDPKRLYCKNGGFFLRI,168
P09038,REKSDPHIKLQLQAEER,194
P09038,CANRYLAMKEDGRLLAS,219
Q14160,TDEGIFISKVSPTGAAG,1138
Q8IYT2,LKNSLNEVKNLLSDKKL,74
O15357,NKLGVVFEKEKDRTQRK,383
O15357,KEKDRTQRKDFIFVSAR,391
O15357,QEPRSGSRKPAFTEASC,918
O75533,EEMKKIVLKVVKQCCGT,790
P27816,TETEVAPAKDVTLLKET,346
P27816,PAKDVTLLKETERASPI,352
P27816,TNVILTKDKALPLEAEV,464
P27816,ARPSILPSKDVKPKPIA,769
P27816,RSPSTLLPKKPTAIKTE,832
P27816,QNKKVDISKVSSKCGSK,1034
P27816,GDVKIESQKLNFKEKAQ,1060
O14787,RSLSGLILKNNVKAHYQ,71
Q86XL3,TTRFIFEKKLAQALLEQ,105
O60841,IDRLYDWKKSPDSDVAA,766
O60841,DSDVAATLKKQKKNTKD,777
O60841,LKKQKKNTKDEFEERAK,784
O60841,AQGVKILGKDLEKTLAG,936
O60841,GINIGPVHKKDVMKASV,1015
P49753,LRASLRDEKGALFQAHA,104
P28328,VGQSVLNIKYKNDFSPN,84
P28328,QSVLNIKYKNDFSPNLR,86
P07814,NAAWQEQLKQKKAPVHV,139
P07814,RFDDTNPEKEKEDFEKV,243
P07814,DDTNPEKEKEDFEKVIL,245
P07814,ETIMKYAEKLIQEGKAY,282
P07814,DDTPAEQMKAEREQRID,300
P07814,IIEALGIRKPYIWEYSR,417
P07814,NLNNTVLSKRKLTWFVN,435
P07814,WDKIWAFNKKVIDPVAP,497
P07814,DKIWAFNKKVIDPVAPR,498
P07814,MKEVAKHPKNPEVGLKP,535
P07814,DAKLNLENKDYKKTTKV,599
P07814,VLGKDEDFKQYVNKNSK,642
P07814,IYIPDGHTKEMPTSGSK,708
P07814,AVKQLLSLKAEYKEKTG,788
P07814,KEKTGQEYKPGNPPAEI,800
P07814,AVECLLSLKAQYKEKTG,861
P07814,PEAKVLFDKVASQGEVV,907
P07814,LLQLKAQYKSLIGVEYK,943
P07814,VAWVTRSGKTELAEPIA,1109
P07814,LEVGPRDMKSCQFVAVR,1375
P07814,AVRRDTGEKLTVAENEA,1389
Q16204,LASLQQENKVLKIELET,71
Q16204,MMRHIRFLKNEVERLKK,266
Q16134,ATNDVGIQKDGAPKATF,223
Q15643,QLTQLINKKEIFIEKLK,813
Q86YR5,SGNLGNTLKVLGRFDEA,117
Q86YR5,DVAAEYYKKTLQLSRQL,274
P46937,RLQQLQMEKERLRLKQQ,315
Q96Q42,RTEVWTWGKGKEGQLGH,533
Q96GY0,PAPGVLTNKRKTYTESY,260
Q9P2X3,AYRIYCEDKQTFLQDCE,229
Q3SY17,TYQAFKALKCHGIGEYY,165
Q9Y4C4,AAYYGVSDKNLRRRKAH,601
Q96EN8,HNGVCLSQKQEPRLCLI,629
Q9Y4I1,MCHWLCHRKLATATETY,379
Q9Y4I1,ATATETYIKPISKLQAT,389
Q9P1Y6,KSGEINPVKVANLVKAY,1615
Q9P1Y6,NLVKAYVDKYRHMRRHK,1626
Q8TEQ6,NFWQGVKSKVTALCWHP,428
Q8TEQ6,TFKELFSEKHASLQNSQ,1363
Q8TBA6,TRILQSKEKLINSLKEG,444
Q9P2K8,SNSLCRLYKFIEQKGDL,1259
Q4G176,HSLSHRELKEWARNVLA,534
Q9ULH1,LQKVKKSVKAIYNSGQD,79
Q6V702,KREDFEARKAAIEIARL,66
Q13620,VLAKNPKGKDIEDGDKF,800
Q9UPQ0,TYREIVQEKERRERELH,419
Q96Q11,KNLGLFIVKNRKDLIKA,328
Q2M389,FPLQVVMKKLDLISELR,586
Q9Y2R9,HQRTLMPEKLSHKLLEA,204
Q9Y2R9,LMPEKLSHKLLEAFHNQ,208
Q9C0D5,HILKAHIFKGLSKKTGI,873
Q9NSD9,VMPDGKIQKLIITEETA,107
Q9NSD9,KAVHISNPKTAEFQVAR,443
Q96I59,VELKAEKIKVIGNCDAK,116
Q96JI7,KKVDPQLLKMALTPYPK,1117
Q9NYK5,KIEVKHVGKTDPGTVFV,72
Q9NYK5,PLTKSCEIKFLTFKDCD,126
Q9NYK5,KENLRSFTKDAHALIYK,204
Q8N392,QAVQNLPTKKQQLQALN,432
P18583,LVDFKTDRKGLVAVGER,2344
Q96H79,KCNKFHVCKSFVKGECK,195
P04114,DTKEERKIKGVISIPRL,1121
P04114,QIRIQIQEKLQQLKRHI,2265
Q69YQ0,ISGPISTSKPLTALSDK,896
P02751,EAEETCFDKYTGNTYRV,100
P02751,ARITGYIIKYEKPGSPP,1936
P02751,VIALKNNQKSEPLIGRK,1981
Q15746,IEERLGSGKFGQVFRLV,1474
Q13428,SLGNILQAKPTSSPAKG,579
Q13428,AAQAKPALKIPQTKACP,637
Q13428,IRAALAPAKESPRKGAA,904
P0CG47,XXXMQIFVKTLTGKTIT,6
P0CG47,IFVKTLTGKTITLEVEP,11
P0CG47,NVKAKIQDKEGIPPDQQ,33
P0CG47,QQRLIFAGKQLEDGRTL,48
P0CG47,TLSDYNIQKESTLHLVL,63
P0CG47,RGGMQIFVKTLTGKTIT,82
P0CG47,IFVKTLTGKTITLEVEP,87
P0CG47,NVKAKIQDKEGIPPDQQ,109
P0CG47,QQRLIFAGKQLEDGRTL,124
P0CG47,TLSDYNIQKESTLHLVL,139
P0CG47,RGGMQIFVKTLTGKTIT,158
P0CG47,IFVKTLTGKTITLEVEP,163
P0CG47,NVKAKIQDKEGIPPDQQ,185
P0CG47,QQRLIFAGKQLEDGRTL,200
P0CG47,TLSDYNIQKESTLHLVL,215
Q9NVA1,EKNPQSILKPHSPTYND,288
Q9UKV3,QALRVTDLKAALEQRGL,81
Q9UKV3,EAFWIDKIKSHCFVTYS,1049
Q8TAM2,NLSRLNLTKYSQKPKLA,184
Q9NPQ8,MKLVTMFDKLSRNRVIQ,489
Q8WWI1,ITLYWLGRKAQSNPYYN,179
Q8WWI1,KASESISLKNLKRRSQF,1191
Q8WWI1,EQDRLLQEKYQREQEKL,1248
Q8WWI1,VVHEDQGKKPQDQLVIE,1337
Q8WWI1,RQRSASVNKEPVSLPGI,1496
P16070,RRRCGQKKKLVINSGNG,681
P16070,QEMVHLVNKESSETPDQ,715
P52948,ALTTPTHYKLTPRPATR,551
P32455,FQKESRIMKNEIQDLQT,573
P43220,NEVQLEFRKSWERWRLE,415
Q92805,LAARSSQAKAINTLETR,347
Q8TB22,INYATNGAKFLKRHMFD,537
Q9H2U1,YVIDGGKIKETHFDTQN,573
Q9H2U1,LGKKRKMVKVYTKTDGL,858
Q9H0A0,GTGRSLSLKLIQQLRQQ,426
Q8WX93,KDGKQISPKSDHYTIQR,1044
Q96K76,LSVSSKTLKAEGFFRSN,782
P02787,AVSEHEATKCQSFRDHM,37
P02787,YYAVAVVKKDSGFQMNQ,122
P02787,QLFSSPHGKDLLFKDSA,310
P02787,ALSHHERLKCDEWSVNS,373
P02787,EKGDVAFVKHQTVPQNT,553
P02787,RDDTVCLAKLHDRNTYE,659
P02787,VKAVGNLRKCSTSSLLE,683
Q15477,GYYAAVEAKKERMSKHA,525
P55265,QSGPPHEPKFVYQAKVG,757
P55265,VKGDSLSLKGETVNDCH,902
P55265,KDSIFEPAKGGEKLQIK,944
P78559,VPTNLKPSKIKQRADSK,312
P78559,KPELKKISKPDLKPFTP,461
P78559,GRELGLQGKAPEKETSL,709
O76024,KQGRREAVKLLRRCLAD,143
O60504,LEVELSFRKGEHICLIR,477
P57057,YASFHLSRKPISIVKGE,40
Q8TDW0,KSLKILSIKSNVSKIPQ,550
Q8TDW0,LSIKSNVSKIPQAVVDV,555
Q8TDW0,KLVMLNNLKKMTNLTEL,586
P46821,EMYVLNPVKSSKEMQYF,429
P46821,GQVPTPVVKQTKLKQRA,531
P46821,KVQSLEGEKLSPKSDIS,1777
Q9H9P8,VIHSGIYYKPESLKAKL,104
P49023,AFCLKQLNKGTFKEQND,570
P78524,RELRKCRAKGLFEQRVE,1097
Q05209,ENVKKNRYKDILPFDHS,65
Q13523,VNIGEVLDKRYNVYGYT,685
Q969G5,HGLLVARGKLHVLLFKE,121
P30044,FVEQAEALKAKGVQVVA,116
P17252,LKAEVADEKLHVTVRDA,172
P17252,EIQPPFKPKVCGKGAEN,617
O00159,AKVSSINDKSDWKVVRK,281
O00159,SINDKSDWKVVRKALTV,285
O00159,IICDLVEEKFKGIISIL,486
O00159,NDLLFRNLKETMCSSKN,571
O00159,DRSELSDKKRPETVATQ,595
O00159,RAGFAYRRKYEAFLQRY,667
O00159,LGYKPEEYKMGRTKIFI,709
Q9BRX2,SQACQLRVKGTNIQENE,84
Q9BQS8,LQEKLKAAKAAAGSLPG,969
Q13459,ASCRVTATKDSTTSDVI,40
P29536,EMEIAKLLKENTTLLKL,442
O14562,VPLSGMYNKSGGKVRLT,224
O14562,IGTKERTEKLPMGSIKN,250
Q460N5,REEQSLKEKMIISPGRY,470
Q460N5,RVTQHLCLKGPSADVYK,511
Q9Y2D4,KLYGTTTFKDARHAAEE,600
Q9Y2D4,RKNERDKQKLIDTVAKQ,793
Q9Y2D4,QKLIDTVAKQLRGLISS,800
Q96BY6,GKHGGSDIKWVDGGKPL,834
Q96BY6,ALLYFFMRKNFEFNKQK,1593
O15084,GANINAFDKKDRRAIHW,171
Q13554,QMLTINPAKRITAHEAL,259
Q9UPN3,NKHLMKVRKHINDLYED,97
Q9UPN3,LRNLQDSIKRKYSCDHN,810
Q9UPN3,HKLSEKEKKQISEQLNA,1505
Q9UPN3,HLWENLGEKIAHRQHKL,6210
Q9UPN3,QVEQIGENKYRFGDSQQ,7148
Q96TA1,LFQHQEDSKKWRNRFSL,83
Q96TA1,KIRAFILPKAEVCVRNH,330
Q96TA1,RVLERVLKKYDYDSSSV,479
Q96TA1,MKDILQAVKEAAVQRKH,554
P33316,PPMEKAVVKTDIQIALP,155
Q8TEQ0,YYVKEVLNKHELQRFYS,96
Q92841,LIDFLESGKTNLRRCTY,313
Q5VTQ0,AGKSIPTEKFAVRKARR,514
Q9Y4F3,RIIVSFTPKNRELCETK,585
Q9Y6A9,VQESSTDDKKPGERKIK,88
Q9Y6A9,QESSTDDKKPGERKIKR,89
E9PAV3,QAQLAAAEKFKVQGEAV,2005
Q5THJ4,PFRIDNFSKVPVVFTQH,3524
Q7Z3U7,EVVVDLYQKTACHKAVV,1423
Q53H96,AQGLIRAGKVEAQHILA,32
P42356,NSVANWRSKYISLSEKQ,1531
Q9Y4K4,QGLAYLHTKGKMHRDIK,134
Q13555,EARICRLLKHPNIVRLH,69
Q96CV9,VSTGTALSKYRSRSADG,213
Q96CV9,LMKKRLQEKCQALERKN,333
Q96CV9,EKCQALERKNSAIPSEL,340
Q16822,KDVARVESKTVIVTPSQ,108
Q9P275,XXXMPIVDKLKEALKPG,6
Q9H307,IKYIRTKTKPHLFYIPG,238
Q9H307,KLIEESQRKMNALFEGR,262
Q9H307,VLTVHPESKSKTKTRSR,553
Q9P2E9,KKKSGSKKKGEPGPPDA,634
Q9P2E9,GIIQDTWHKATQKGDPV,687
Q9P2E9,DTWHKATQKGDPVAILK,691
Q9P2E9,KGDPVAILKRQLEEKEK,699
Q9P2E9,KSKLRELNKEMAAEKAK,728
Q9P2E9,KEVQQLQGKIRTLQEQL,779
Q9P2E9,QATSQVESKQNAELAKL,819
Q9P2E9,RQELSKVSKELVEKSEA,836
Q9P2E9,QQRKALEAKAAAFEKQV,858
Q9P2E9,EAKAAAFEKQVLQLQAS,864
Q9P2E9,SSEAEVRSKCEELSGLH,932
Q9P2E9,ADQQQTRLKELESQVSG,990
Q9P2E9,LATAEQACKEKLLSLTQ,1039
Q9P2E9,KEKGPTLLKHPPAPAEP,1098
Q9P2E9,EEEQVWRAKVGAAEEEL,1159
Q9P2E9,GAAEEELQKSRVTVKHL,1169
Q9P2E9,LQKSRVTVKHLEEIVEK,1175
Q9P2E9,LEEIVEKLKGELESSDQ,1185
Q9P2E9,SAECQNYAKEVAGLRQL,1221
Q9P2E9,CRLQEELEKLRTAGPLE,1331
Q8IY17,ATSRPRMRKKLKMLNIA,137
P48200,TCGILSGNKNFEGRLCD,611
