Q9ULH1,ALGPRVLPKLPQKVALR,896
P62318,XMSIGVPIKVLHEAEGH,8
Q14203,TDAEGLGLKLEDRETVI,944
Q9P260,FGKIFTNTKVKPQFQEI,877
Q9P2E3,HERCQQPCKRLLICSHK,1466
Q14974,LLTEGRRSKTNKAKTLA,854
O14964,ALREEHREKLRRAAEEA,494
Q5R372,LMEQACNIKVPTKKLKK,780
Q9NQ48,KKPILDVTKPKLAPLNE,135
Q9Y2Z4,AQKARGLFKDFFPETGT,49
Q8N999,FLHSKENPKEFFWNVEE,101
Q92878,KTTIIECLKYICTGDFP,50
Q9UPN3,FKETEILAKEREKGRIE,367
Q99961,GFPCTTAPKIAASSSFR,282
P57057,SSTLVTHSKGYENGTNR,259
P78524,RINSIYNAKRGKKRLKK,627
P17844,RQLAEDFLKDYIHINIG,295
P42166,DCKINLASKNKLASTPF,665
Q86V48,LPSKESRRKGGLDYLKQ,258
O95347,ESKRKELEKNMVEDSKT,336
Q27J81,ALKENKDRKEQAAKAER,931
Q7Z478,TKSVDVTEKLACIVETA,1242
Q8TAQ2,APTPEKPRKVHAKWILD,236
O60306,KYWAPHIKKKSPFDIKV,37
Q9H2U1,VIEMMEDDKVDLNLIVA,469
Q8WWI1,ATYPSEIPKEDSTTFAK,844
Q9P2I0,SSLQFCKAKDAELAWID,624
Q96FV9,ENMVENEYKAVNNSNYG,485
Q5JSL3,NTDSLVQEKKETVETAQ,282
P55786,NVKPDQWVKLNLGTVGF,580
Q9Y4F5,VSVKGLAPKRSEALPEH,129
Q9NSK0,LQRSGSLGKIRDVLRRS,557
O94804,EKLPRQQRKESMKQKME,677
Q5K651,FGNALNWAKQAKIIEPD,1107
Q8WXH0,LSLYVQQLKIDIEKGKL,941
Q01970,TGRYARLPKDPKIREVL,82
Q15020,RKRARAEKKALKKKKKI,609
P27824,NPNYKGKWKPPMIDNPS,384
Q5SSJ5,GKGKSTMKKSFRVKKXX,547
Q96B97,ATAAIQPKKVKGVGFGD,209
O75533,LPFLKAVCKSKKSWQAR,653
Q5SSJ5,PPPKRRLQKKTPAKSPG,459
Q9UKV3,KEQEEEEQKEREKEAER,1261
Q12923,EKLDLSYIKEELPKLHN,744
P29536,TDTKKDDEKVKKNEPLH,270
Q9P0P8,LKSNIRSTKSTKKSLQK,92
Q9UHB6,VEIFSKYQKAAEETNME,43
P09012,AMKISFAKKXXXXXXXX,282
Q9H3S7,TPALSPEDKAVLQNLKR,550
Q7L5N7,SRVDPDSRKNTINEIIK,196
Q9P015,LFKMLCTRKDPRQIFFG,260
P10599,PFFHSLSEKYSNVIFLE,48
P55786,PCWDEPAIKATFDISLV,197
P78527,NMLLLKMNKDSKPPGNL,3672
P18583,LGKNKEGNKEPILVDFK,2332
A3KMH1,NIGLVPMNKIPKDNKQR,1777
Q9UQE7,EKNLEQYNKLDQDLNEV,436
P67936,EFAERTVAKLEKTIDDL,212
P42356,FWTAMFSDKKYLTASQL,1418
Q460N5,LDHKRPLIKVLGISRDV,1496
Q96P48,GAPARVMTKKEEPPPSR,248
Q96Q42,KDSREEQVKQESMQGKK,455
Q15404,QISSLQKLKHLNLGMNR,89
Q14203,LIRKQAQEKFELSENCS,629
P49792,VCQGGDITKHDGTGGQS,3129
Q9H6T3,PKEADIVIKSTEGERKQ,264
Q9Y617,VQKLAAFMKKFLEMHQL,362
Q5VSL9,LGVDVNRHKEVIVKAIS,571
P46821,VAAGKPKEKGKIKVIKK,779
Q8TEQ0,LARENEVLKVQLKKYVG,538
Q07866,DELANTQQKLQKSEQSV,130
O95299,GIHSSVQCKLRYGMWHF,35
Q9HC36,RPFREKQGKILLEGRRL,122
P56192,VPLEGFEDKVFYVWFDA,513
Q96HY6,ESQREAEWKKEEERLRL,157
Q9BSJ8,PFLGQYMEKLLAETVAP,159
Q8NBS9,EPPSAPELKQGLYELSA,188
O14727,SQLQDLHKKIITQFQRY,459
Q5JRA6,AGNQMNDRKIQQESLGS,571
Q9UI10,LRKEKKQQKKKRKEEKG,47
O15084,SADVNARDKNWQTPLHI,105
Q92797,PVLNGLEKKEVIQALPK,901
Q6P2Q9,GFECRILPKCRTSYEEF,1199
Q99996,LSSLQDLEKTKLEEQVQ,1333
Q8TAQ2,NVEEVTLPKTVNTKKDS,359
P16070,ATATETATKRQETWDWF,237
Q9NQW7,CELFNWLEKEVPKGGVT,350
P14625,EEEAAKEEKEESDDEAA,303
Q07866,CYLKQGKFKQAETLYKE,398
Q9P015,TPFYIRIPKYGFNEGHS,80
P82650,ILEGTETTKYVFTDISY,155
Q9UPQ0,YSGTTLNLKEFEGLLAQ,151
Q6P2E9,KVKIQPVAKYDWEQKYY,125
P22059,ATGHHYTWKKVTTTVHN,576
O14562,DVLAVNTPKDAAQQDAK,167
Q92797,RSQALLFIKRMYEKEQL,737
P18583,RSVSKEKRKRSPKHRSK,1892
P04114,LKLFLEETKATVAVYLE,2474
Q04771,KIFSSRDEKSWFRETEL,243
P04114,LKEFLKTTKQSFDLSVK,3166
P04114,IPSPKRPVKLLSGGNTL,934
Q13439,VGNSDSLNKEQLIQRLR,136
Q9UPN3,QLNEMKEFKVEVYQQQI,6160
Q96EY7,IEEVVIPKKKTWDKVAV,62
P46821,QYLNKLSMKPEPLFRSV,394
Q9Y2W1,ESSKRKSAKEKKSSSKD,178
Q08378,NLKWEVDQKEREIQSLK,1296
Q9UPA5,TSLAVEARKYGLALDPI,1695
Q0ZGT2,EIDAALQKKREEEEEEE,554
Q9P253,PHRVHYDLKYALRLCAE,698
P42285,EETYLSSFKPHLMDVVY,963
Q16555,XXMSYQGKKNIPRITSD,7
Q9P275,KEKKIKKFKREKRRNFN,1088
Q13753,CQDCASGYKRDSARLGP,401
Q96BY6,INAKANAKKKEALETSV,779
O95155,IHEVQEEMKNKEQWDQL,1056
Q96RK4,AGGTSQFTKPPSLPLEP,493
Q9UH65,FEISASDKKKKQEWIQA,292
O75400,KEEAKQAFKELLKEKRV,401
Q9Y4I1,MAASELYTKFARVWIPD,9
Q7Z6B7,LQSRLATLKIENEEVKK,370
Q9NQ66,MGMYEYNGKSGYRLKPE,645
Q5K651,NIKQNEEAKTRRKVAGY,1291
Q9NV70,HLSNTNNVKLLSEIEFL,268
Q07157,KVTLVKSRKNEEYGLRL,194
Q9BZF9,NKGRELWKKGPSLQQRN,268
P46821,KEPKKEVKKETPPKEVK,702
Q96BY6,LTETEDTVKTTRNMERL,349
Q9UPN3,DDITDGNPKLTLGLIWT,167
Q15397,SADHRTLDKVLEVQPEK,293
Q8WXH0,AVCRSKSLKAGLDYNRS,4629
Q99996,RMEQETQRKLEQLRAEL,429
Q8WXH0,LEKQINKEKKLIRRGRT,964
Q9NZJ4,MAKSGQSKKPSDELSQK,1803
Q13045,RVYGKKNIKLEPVPLKG,631
P62993,EECDQNWYKAELNGKDG,38
Q14573,ISYLLSVFKKEFVEVFP,995
Q15257,MYKAECLEKFPVIQHFK,337
Q99436,RPYTVPNKKGTRLGRYR,238
O95671,VHSGEPMDKAGGYGIQA,172
Q9Y6B7,LRSLEEILKQEGGVVIN,188
Q9NUQ6,NNRLNGPAKSQGSGNEA,451
Q5T1M5,ASDPSEKVKKIMNQVFQ,888
Q9P2J5,QNYEKMMFKEALKTGFF,818
Q14203,EAKEALEAKERYMEEMA,290
Q8TEQ0,EPVFWYYVKEVLNKHEL,91
Q8WXH0,DRWLDINEKTEDYYENL,1633
Q13409,RKEEERKKKETDQKKEA,35
Q96J02,IMWFWQFVKEIDNEKRM,817
Q12888,SIEKEGQRKWYKRMAVI,1579
Q9HCE0,IQLYEQVVKFLSEDNSD,1752
Q460N5,SEALLEAEKQMLSALNY,590
P48426,PDDFKAYSKIKVDNHLF,71
Q8N3C0,KAEEFDQIKVREEEIEE,1025
Q9UPA5,QAASKAAAKPKTMPKER,454
Q9H0A0,LTAARGRGKSAALGLAI,290
Q07157,DGILRPSMKLVKFRKGD,423
Q5JTH9,EAELVLTEKSSGTFLSG,90
Q00341,VEVKKSQHKYVIGPKGN,308
Q6YN16,ENFDVYAIKPGHPLQPD,263
Q8WXH0,PHFKDGREKTVNQQCQN,1503
Q8NE71,PPKPAKPEKNRINKAVS,158
P78527,YISLLADTKLDLHLKGQ,1683
Q92552,KALYTLVNKVQYGIFPD,132
P20936,VLHIEEAHKLPVKHFTN,605
Q14980,KEQAAEHYKLQMEKAKT,1611
P32321,XMSEVSCKKRDDYLEWP,8
O15042,RFGPLASVKIMWPRTDE,304
Q96JH7,MGLSNYHCKLLSPILAR,128
Q9C0D5,ATHITIEDKNETMCTAL,161
Q5VSL9,VFKSAPILKRALKVKQA,699
O00291,RQKLGELRKKHYELAGV,1006
O94851,QRKRRAELKQQREEEAT,1073
Q8ND76,SEVPPDYDKHNPEQKQI,163
Q8IV48,RLKYPPFAKKWINIRKS,255
Q15276,TAADHVEEKLKAEILFL,701
Q92797,NDSKITVLKQVQELIIN,56
Q9Y2U8,SAAPAAGSKVLLGFSSD,134
P48059,ASATCERCKGGFAPAEK,14
Q99797,DFEMIRGMKMKLNPQNS,343
P78527,IHWFTNNKKFESQDTVA,1000
Q96GY0,KKPSNWRRKHEEFIATI,83
O14727,AMLIKMILKKDNDSYVS,62
Q9HCE0,ESSEVSLPKTSREQEIP,41
Q96B97,ISQDEQLSKSSLRETTG,172
Q14980,MTLKEECEKARQELQEA,844
Q9HAU5,RKKQEEQAKRQQEEEAA,110
Q9BRS8,QAEMGTQEKSPGTSPLL,446
Q16881,VNVGCIPKKLMHQAALL,218
Q86TI2,VNNSFKGIKYLRLNTLA,660
P62993,AKAEEMLSKQRHDGAFL,76
O95347,ALEAVKRLKEKLEAEMK,458
Q9UPA5,QLVSRQPPKSPQVLYSP,2789
Q3SYG4,LFQSFTRLKSATHLVIL,728
Q9NV70,KISCLEAEKKEAKQKYT,752
Q5K651,MKEYAQALKNSFKGQYK,1461
Q0ZGT2,ERQRQENRKKQAEEEAR,263
Q15021,AIIDEFEQKLRACHTRG,1288
Q9UI09,VGEDKYGNKYYEDNKQF,47
Q9Y305,VGKTSMEVKMQMFQLHG,182
P04114,MMGSYAEMKFDHTNSLN,1750
Q15643,KMMDIVAAKEAALIKLQ,1129
P57057,LRLQKQILKSEKNKPLD,276
Q8NCA5,SLTSGDVTKRLLIQKNC,100
Q15746,NGKTLKTTKFIILSQEG,1142
Q96DA6,GRYVLQAMKHMEPQVKQ,27
P46060,CGMGIGGGKILAAALTE,160
Q9UPN3,LQKFLQDHKEFESWLER,3892
Q8TCS8,AVMVTAVSKTKPSPSQF,87
Q8TDD1,VLFSATLPKLLVEFARA,283
Q8IWA0,EDIIHQLSKSEEKELRK,810
O75643,ARSLQYEYKANSNLVLQ,14
Q9UPA5,ERERVELEKLRQLRLQE,2384
P02792,KPAEDEWGKTPDAMKAA,92
Q14008,FEALGTALKVVGEKAVN,468
Q14CX7,LEVKDGNLKTHPTLLEN,832
P42680,RDLWVKKLKEEIKNNNN,107
Q9P2X3,EPGPDVKKKTEEEDVEC,129
O75879,LALNCHINKKSLFDRKH,132
P49585,HARALMQAKNLFPNTYL,100
Q5VYK3,IADEEKSEKEECNLWTE,1500
Q00341,AKITQQMPKVHIEFTEG,396
P82914,FQETQKLKKRRRALKAA,222
O14802,DHRMGTSEKDRPCETCG,65
P35659,DEPLIKKLKKPPTDEEL,317
Q9NUU7,GNKLERGQKISEQIVIG,207
Q2M389,RNPFKVGMKDLALFFSL,705
O60841,FEEETVKSKVTVDTGVI,284
O95453,VKIAVNTSKYAESYRIQ,499
Q9NWX6,EYSFVFKRKTNWFKRRA,114
Q14139,LAFLTSEIKSLFVHPFL,865
Q5SW79,TSGCGIDAKQVEEQSAA,217
Q0ZGT2,NQRRSRDEKQRRKEQYI,54
Q9P275,FYLRIPGSKKSPEGLIS,427
Q13200,LRPHYGKLKEIYENMAP,107
Q86TI2,SLLYSEIPKKVRKEALL,93
Q14914,KTAELPPLKNGEVLLEA,33
Q7Z6Z7,NPNHLSYFKFVGRIVAK,4108
Q6P2Q9,VMDSTTTQKYWIDIQLR,1659
P41252,WIDFDNDYKTLYPQFME,149
Q8IZQ1,QERQQNALKYVTEEWCQ,2338
Q14444,TSHSGSGSKSSGPPPPS,13
Q8N465,QLKALLDPKGILNPYKT,508
Q5JPH6,DMLNGELKKLSEGLEGT,471
Q9UKM9,TAVTTSSAKIKLKSSEL,179
Q9H4B0,VFFKPSKRKVYEFLRSF,18
Q9HAU5,KDDIKLTAKKEVSKAPE,46
Q7Z3J2,LFMGSEKGKAGTATLAM,146
Q5THJ4,NTQDNSRRKSRDGSASE,751
Q6NUK1,IEEIIRFWKHSTGIDIG,167
Q9H7D0,SCFRELKEKVEKHYGVI,1632
O14727,QILLTTRDKSVTDSVMG,267
Q9P1Y6,RKRKTRRRKKVPGRKKT,345
O60934,DTDLKSIVKNSASKSHA,533
Q8TDB6,EQFLESEQKQQFSPSMT,198
Q9P253,LVESVGWNKALGTESST,149
O76024,AKHPCHIKKFDRYKFEI,769
Q86TV6,ATIPLLAAKLCMGSLHW,439
Q9Y2D5,EEHLESHKKYKERKERR,264
Q92538,GKDDVDNSKPGPSRPGP,1358
O95453,VETLETEKKERYIVISK,235
Q92878,QEKEELINKKNTSNKIA,932
Q9NZ32,IRYLVEKPKYKKALGTK,331
Q99996,KLFKDDMEKLGLAIKES,2260
Q14683,LQNAQKHYKKRKGDMDE,327
Q14344,IDKCLSREKTYVKRLVK,42
Q15042,INFYHGGLKGVAHLWQE,475
Q9H3S7,FHFQPAVKKFVLKNYGE,28
Q9P0K7,VASLTLHNKELQDKLQA,364
Q7Z478,LELLAYLDKSPQFRNIE,859
Q12923,SASSSSMDKYHIHHISE,1752
Q8NHV4,KGTVAVQEKAGLPRSIN,371
Q9P0P8,XXMAMASVKLLAGVLRK,7
Q86V48,GISSTLPSKESRRKGGL,253
P42694,PQDSLAQCKELQDHSNQ,1785
Q8WXH0,LCEELPSQKSQQEVKRL,1010
O60762,DADLSHHPKFIPEFIRK,126
Q9BZQ8,AYQRGAAPKCRILPAGG,115
P46940,VSKKPREMKGKKSKKIS,1552
Q53FA7,LRSRDNKYKQMLVNAFT,274
Q9NQ66,YKEMKDLVKRHHKKTTD,935
O95671,LSRVAESCKPGAGLLLV,547
Q9H3L0,QTCPELLRKDFESLFPE,159
Q53R41,HLDLDSISKILSVYKFL,270
Q9P2I0,GRSDGDSIKKIINQMKP,550
O75475,AARRGRKRKAEKQVETE,152
Q7Z6B7,TPSRFKKDKEIIAEYES,11
P04114,KLIKDLKSKEVPEARAY,768
Q04721,DDEGPQPKKVKAEDEAL,1768
P14735,FSKFGTGNKYTLETRPN,223
P27816,AGKVQIVSKKVSYSHIQ,997
Q15021,HLILKDMVKVKGQVSEM,1126
Q9BQG0,SQPPSMGRKKRNRTKAK,1211
P09543,MDLVTYFGKRPPGVLHC,244
P35659,RPGTVSSLKKNVGQFSG,124
P18583,VAVGERAQKRSGNFSAA,2355
Q8WX93,VTPAGFPKKASRTARIA,884
Q8NHV1,FSNSKKTSKAEKESQVQ,175
P42694,LSECIEGVKVEHNPDLS,261
Q14980,VEQHKRERKELEEERAG,755
O60841,KKKKDKKKKKGEKEEKE,321
Q9ULH1,TKELSTLLKNLLQGLSH,133
P82909,SSVISQHSKGSKSPDLL,57
Q16531,GKLQTVAEKEVKGAVYS,864
Q96N67,NDKLEAPRKSRFPERFM,1034
O14617,KNLMEIVKKLMTHVDKA,379
Q15306,GLVWENEEKSIFRIPWK,47
Q9P0P8,KLLAGVLRKPDAWIGLW,15
Q9BRX2,FYGLKQVEKANEAMAID,301
Q9H270,QYGDHLYSKGNHDGAVQ,401
Q9Y320,NELYQRAKKLSKAGDNI,266
P49792,LKNASTAKKCVSCQNLN,1371
Q9UIG0,QRKEYLKKKREELKKKL,550
Q9Y6B7,PILNGLRDKASYVRRVA,132
Q01085,WATTPSSQKKDTSNHFH,90
P27816,PSKDMGPPKENKIVPAK,400
Q92878,KYLKQYKEKACEIRDQI,219
Q96FQ6,YVSKYSLVKNKISKSSF,30
Q14344,FEIKNVPFKMVDVGGQR,219
Q9H6T3,RASAYFRLKKFAVAESD,181
Q5T160,SIKTTKELKNPQETAER,418
P52948,XXXXXMFNKSFGTPFGG,4
Q9H074,VLEDAWKEKGKMDMEEI,337
Q9Y6D6,LHSPQVKNKMTKEQYIK,846
O75427,RYPQVPDEKDLMTQLRQ,538
Q460N5,QVNWKEFSKCLFIAQKI,556
P49754,CKQFVTGGKKLLLFERS,149
Q8WXH0,QLQTQVFEKEKELEEKI,3027
Q53LP3,SGSSSGRIKPRLNKIRF,469
Q15021,QDAYSFSRKITEAIGII,633
Q8IY18,EKQLETSCKEKTEYLQK,230
Q6P2Q9,GFEESMKWKKLTNAQRS,1516
Q14669,TAKPAHIAKVKMKFRFL,1692
Q96RF0,DEKAWKQGKRKAEKDEM,394
Q99996,SPQDVEVLKTTTELFHS,2673
O60306,CNLYNWRYKNLGNLPHV,1152
Q9P253,SYFEEIALKFLEARQEE,459
Q7Z2W4,EDFCFLSSKKYKLSEIH,726
Q99996,CSFVMRTGKPTNLLREE,129
Q8NE71,SEEEEEEEKHPPKPAKP,148
O75167,PLEEQAEDKKENTENHS,139
Q16643,AQSEELCAKAPPPVFYN,615
Q9HD33,LEEFFDDPKNWGQEKVK,72
Q5JSL3,YEKRREFEKLTQVYRTL,1734
Q16822,AAFPSACGKTNLAMMRP,308
Q5SRE5,KKVYSFLDKMSFYNELY,470
Q7Z2Z2,WSLYDAVLKKDKDKIDK,310
Q8N392,RTQAAAVQKRVETVSQT,150
Q12929,EPLKTQPKKYAKSKYDF,534
Q9NVP1,GGGGFGYQKTKKVEKSK,645
P25445,ANLCTLAEKIQTIILKD,309
Q96I59,SKRQNVELKAEKIKVIG,111
Q86X83,LQLYLDNRKEIRTILSE,108
Q12888,FNEHLKENKVADPVDSS,88
Q9H9A5,PAFTTVQRKXXXXXXXX,744
Q01970,ALLIEPLDKYPLAPGVP,444
Q9UIG0,EVPGLFIEKGWVHDSID,926
Q14161,SELAKAAKKKLQSLSNH,268
Q8WVY7,TGVLPERQKLLGLKVKG,44
O00203,RSTDPTMIKTLKLEILT,386
Q13439,LKSKEAYEKDEQINLLK,1477
Q5K651,YSIQTAIAKKYIRYEKP,820
Q9Y4I1,QRKVDEQNKDYKCLVEK,941
Q7Z4V5,KYGKPNKRKGFNEGLWE,75
Q9P275,GDGVPAPQKVLFPTERL,102
Q6ZNE5,EQLKQTICKGNEEMEKN,129
Q9Y6M1,IGKEGLTIKNITKQTQS,217
P42680,LYGVCTQQKPIYIVTEF,436
Q9NQC3,EVVSSEKAKDSFNEKRV,366
Q14320,NIMKSNIDKKFSAHYDA,47
E9PAV3,NSLSFQGSKDSPATTHS,847
P78347,VDEKQPLSKPLQGSHHS,271
Q96E11,RTSPGSLDKIAVVTADG,118
Q9P0M9,AHVGVGKNKCLYALEEG,87
A2RRP1,ISQSPTCYKQSTKLLGL,1257
P14735,VAWTKDELKEALDDVTL,701
Q9UIG0,LMEALSADKGGFLYLNR,645
Q15746,NAKPDENLKSASKEELK,1060
Q5SRE5,LLVLTKMFKEQGFGSRQ,240
Q5JRA6,ESEREQNVKNQDLISEN,1299
O00139,LNKKETQMKDLDVITIP,241
Q13439,NKFSEWKKKAQSRFTQH,1448
Q9Y3C1,XXXXXXMPKAKGKTRRQ,3
Q5VTQ0,SSSTKVDLKSGLEECAV,133
Q0ZGT2,EDVSSKVEKAYVPKLTG,92
Q8N5C6,FDFRTDFDKPDFKRSIV,903
P42680,YCRNMNRSKAEQLLRSE,256
Q7Z4V5,GPLGGRKKKKAPSASDS,226
Q92540,TKAVPALGKSPPHHSGF,780
Q14683,RHNLLQACKMQDIKLPL,934
P26232,MAAARGALKKNATMLYT,214
P27986,KYQQDQVVKEDNIEAVG,438
P0CB38,LKQMFEQLKRERIRGCQ,283
O15357,NMGSVPPPKNVTSWFTS,440
Q9NV70,KVIKEYPGKEVKKGLDN,819
A5YKK6,ELIKNPAFKFWNHEFVH,2336
P04114,YFSIESSTKGDVKGSVL,3497
Q96J02,YRHYARTSKQIMWFWQF,807
Q9Y4I1,NMRTYLLEKSRVVFQAE,246
Q9ULJ7,SPVHTMEQKPLQSLSSK,1119
Q96DI7,DSETGERVKRLKGHTSF,145
Q14573,HNEMEWQRKLRSMPLIY,2187
Q15276,QLMFEEKNKAQRLQTEL,803
P23443,KEKFSFEPKIRSPRRFI,431
Q6NZI2,VLVLSLLDKIIGAVDQI,60
Q6PKG0,RTPRTPQLKDSSQTSRF,792
O94804,KREQEMFFKLSEEAECP,940
P78527,GDLPDIQIKHSSLITPL,2786
P46940,NLLIFLLNKKFYGKXXX,1652
P27635,RIFDLGRKKAKVDEFPL,40
Q9H0A0,ILNSLSRGKKASGDLIP,598
O14964,SIKKKVNDKNPHVALYA,56
O75400,EDVLFFLSKKEKEQAKQ,517
P04114,PWEQNEQVKNFVASHIA,590
O95347,NIAWQKVNKDFGSIFST,1039
Q96FV9,TKPTRIIRKRTAPEDFL,415
Q6P2Q9,PQDVTTHAKIMADNPSW,2198
A2RRP1,RADPKELIKMVTRHVTR,1607
Q8TBA6,LKREQESYKQMQSEFAA,369
P42704,NNIALAQIKNNNIDAAI,1189
O14974,SREDEYKQKYSRTYDET,757
Q9NV70,QMEEVKISKKSKVGILP,665
Q86V48,NEKEKENEKLIKELTQK,209
Q12802,EFHHVRTLKIMSGVYSQ,2014
P49902,VDFKDTDYKRHQLTRSI,520
O00159,GRRKAAKRKWAAQTIRR,781
Q9H792,GFSNSTEHKRGSVAQKV,698
Q5VSL9,RQWRKSNMKTMSAIYQK,734
Q12802,KEKDKIKEKEKDSKDKE,1775
Q9H2U2,KAFALEVIKSTHQCWKA,269
Q12906,PMEEDGEEKSPSKKKKK,381
Q9NV70,EKVANESQKTPRDVVMM,722
Q99996,DHLLEDYQKKKEDFTMQ,289
Q69YN2,THCYLALAKGGLSDDHV,355
Q9BZF9,MSNQYVPVKTHEEVKMT,863
Q86UU1,AEALETETKLFEDLEFQ,803
Q9P2E3,EEIEIIKEKIQGSAGEI,1649
Q9ULJ7,QRKLDILSKLLVDGLGN,394
Q7Z6Z7,FGSKSASSKNKSEQDAQ,2272
P43243,KKKLKKVDKIEELDQEN,719
P18583,PKESSGGEKEVPPPPKE,1706
Q9NZJ4,FLVMNVVPKAYATLILD,503
Q8IY18,RRERETLEKEKKSVDDH,433
O43150,AEIAEEMEKERRFFQLQ,189
Q8N999,YLWARLDRKPNKQAEKR,81
Q9H9A5,QAASMIHPKEVPPEAIL,676
Q14573,LNASRDDKKNKFANTME,827
Q14997,TREETETEKMTHLESLV,574
P55265,FPSVSAPSKKVAKQMAA,665
O95639,KHWLRGLCKKGDQCEFL,77
P04035,SLALLLAVKYIFFEQTE,335
Q14644,MIKRAQGRKRFGMKNFK,591
O75962,DGKIVAQGKLLLQDTFL,2163
O14964,QRQIQLAQKLEIMRQKK,513
Q9NW13,EGLIRAGTKAAEGVSAA,453
Q13428,PSQKKKKKKKKTAEQTV,1480
Q9UDT6,ERVWVNGVKPGVVQYLG,91
O60504,GEHICLIRKVNENWYEG,486
Q8N3C0,TGDVTPDMKSIAKADLI,1416
P26640,QQTEAELRKVDEAIALF,1252
Q6UXV4,IIAKVTAKKVYATSQQI,167
Q9HAU5,GDEAEDLTKKLLDEQEQ,545
Q9Y2D5,GPFKLRSRKQRTLSMIE,715
Q9BZF9,NKQENDKLKKEIFTLQK,1034
Q14320,YDPEKKWDKYTIRXXXX,335
Q5W0V3,NKMKSLASKGVPNVISE,183
Q9UPN3,DALTLFSSKQANEGKVN,3072
Q5SWX8,DEQPKQPIKTTMLLKIQ,421
Q9BXP5,AVKRYNDYKLDFRRQQM,176
Q8WXH0,DVIGSRVKKLKETFAFI,6016
Q96BY6,NIKEEGAMKEDSGMQDT,1794
Q9P1Y6,PSGPSAKSKSSATRSKK,362
O43683,VSRLPSKPKEEVPHAEE,566
Q13620,IKNFKDKPKLPENYTDE,207
Q13459,DKRNYQIGKTKVFLKET,935
Q9NXE4,HYSLEMYQKMQSPHAKL,320
O75962,ENPDGTLKKSTSWHTAL,2628
Q9H845,PDETLEKLKSLGLFGLQ,102
Q96FV9,QVPGSENEKKCTLDQAF,47
Q12923,LRFPWRETKKISFSKKK,824
Q9NQ29,QKILMEVEKVRAKKKEA,161
O95071,VCHKGHDCKLKRTSPTA,1222
Q15291,PLEGSAKGKVQAELSQP,519
Q5SSJ5,DEKDQSKEKEKKVKKTI,125
Q14008,EERIKRSAKRPSAAPIK,1425
Q99996,KLEVTKREKLELSQRLS,952
O60841,XXXXXMGKKQKNKSEDS,4
Q8WXH0,LEAKKAAIKPLEQTECL,2473
O60934,DEVLEQLFKDTKPELEI,568
Q9UQE7,DVITAEMAKDFVEDDTT,1207
P48059,CRPCHNREKARGLGKYI,126
A6NHR9,VCKLDSVNKDLNSQLEY,1924
Q9H7D0,EVDGGEIVKFLQDTLDA,667
Q07157,ASHLSEPAKPAHSQNQS,1385
Q9P2X3,ACQPESSLKALDFDISE,152
O94851,KESDIRPSKLLTWCQQQ,521
Q15397,LIEQDKKMKENGREGCF,569
Q12923,ENEMSDKSKKQCKSPSR,1640
Q6NZI2,VPPFTFHVKKIREGQVE,326
O43837,SVIGHLQTKGSXXXXXX,383
P04114,KHVAEAICKEQHLFLPF,262
P98175,LEQSADGHKETGAPSKE,627
Q9Y6K8,ELGGCDKVKWDTFVSQE,55
Q86W11,LYECFDCGKAFCQSSKL,308
Q9H074,GSVLEDAWKEKGKMDME,335
Q5VW36,FLWTHTQNKDPIVANAA,702
Q9HB71,TVLILCRKKVENTRWDY,157
Q96E11,NKAKDSLRKVRTNSMNK,210
Q96N67,EVAIEDMQKKTQELAFA,2002
Q86UU1,VEQLKVRVKELEQQLQE,735
P78559,RVGRRAPGKAKPASPAR,2612
P68400,LVRKLGRGKYSEVFEAI,49
O94855,NDLRNDIEKKIGFDAIM,683
Q9P253,TFLSSPRHKEWLFASRA,533
P61764,LDTLKKLNKTDEEISSX,587
P78527,KQVSNMVAKNAEMHKNK,329
A2RUC4,LLIQVTGKKRVVLFSPR,175
Q9NZM1,SSGSKGYMKVSMFVLGT,317
Q6P158,TSENQEKVKALLRDLQE,112
Q9UIG0,REELKKKLKEKAKERRE,559
O14617,NPVAPKAQKKVPVPEGL,613
P82933,RSVTLESKKQLIEPVQY,254
Q15477,LDLTTSSEKSEIHLFLQ,597
Q99567,PVKLHRDPKCPSRYHCT,400
Q9NZM1,YIKITLGKKVIEDRDHY,1585
O95425,EGEGEGEEKEEDVCFTE,439
Q96N67,HFGQRLLVKCLSLKFEI,268
Q9Y305,MSGPATLRKDYLVEPXX,433
P26232,KASYVASTKYQKVYGTA,889
Q7Z6B7,SISAESKLKEAEKQEEK,183
Q16666,YEIQDDRGKMDVVGTGQ,342
Q9UHB6,TSIKDRMAKYQAAVSKQ,273
O75475,SENKEKYGKPNKRKGFN,70
P52948,KSIKKLVLKNLNNSNLF,603
Q8IZH2,NKITRIDQKALYFCGFP,652
P28328,NHHLASFGKVKQCVNFV,134
Q5VTQ0,KDALQTCQKYRKKYTVV,205
Q9Y6D6,GNSWHEILKCISQLELA,1049
Q9HCE0,HINLLKEMKRRLTEVAD,1353
Q9Y263,LMLTGSADKTVKLWKAG,173
Q99973,LVQRLHIHKPAQHVQAL,452
Q9NRK6,GKEMTEIEKYASKVDHV,376
O75323,DIRNAAWHKHGWEELVY,255
Q15643,KEFECHSMKEKALAFEQ,1504
Q16585,HESGLLRFKQVSDMGVI,111
O00139,MLKKPNYKKLELQVYAT,357
Q9BRX2,SLRASTIRKVQTESSTG,46
Q5W0V3,NFFLENKMKSLASKGVP,178
Q13439,LEDKSLEFKKLSEELAI,1207
Q15084,CQRLTPEWKKAATALKD,66
A2RRP1,GDKTEATTKLHDMVDQL,1032
P14625,GLFDEYGSKKSDYIKLY,404
Q8IY17,AKKILRIQKETPTLQRK,153
Q9H6R4,RPCRLLPTKNNVRSAWY,271
Q5VSL9,APILKRALKVKQAMMQL,703
Q9Y2L1,ILKKRRIEKGALTLSSP,627
Q96EY7,SPKDPDDDKFFQSAMSI,414
O60841,NEDDDASFKIKTVAQKK,224
A3KMH1,MNKIPKDNKQRLEILKT,1783
P43220,RDSSMKPLKCPTSSLSS,437
Q96P48,KEWPIKSLKVYLGVKKK,1343
Q8NE71,MLENASDIKLEKFSISA,305
Q9UIG0,EDYGELGMKLSEIPLTL,677
Q8N5C6,KLDTVQTLKTAKTKQKC,112
Q13439,EKALSTAQKTEEARRKL,425
Q69YQ0,IREELNQLKNENRMLKD,261
O60306,NPLIGRPNKVTTVDRFQ,1256
P49756,GEDDKNATKGTVNTEEK,726
Q13085,MHLYLGAAKVEVGTEVT,1409
P50454,KAVAISLPKGVVEVTHD,308
P06737,MLPVHFYGKVEHTNTGT,206
O60841,SEGDEEDEKVSDEKDSG,568
Q9HD20,QVFARVAPKQKEFVITS,843
Q15031,PQLLSNKEKAEARKLWE,722
Q15642,TKRWPFGKKNKPRPPPL,326
Q9BRS8,GRRHAATNKLSPSGHQN,360
Q8WVM0,VHGDVLTFKVEKAFSES,116
Q9H0A0,MRQLQKKIKNGTLNIKQ,81
Q9BXP5,EGDGDKEEKKEDSEKEA,337
P41252,TDLLSLSGKTLCVTAGS,1150
Q8N3C0,MKQYRREEKRIARREKK,345
P78559,KESLKATTKTAVSKLAK,328
Q9Y6D6,QLSMKFLEKGELANFRF,1224
Q9UIG0,KRYELLEHKKRWASMSE,532
Q86UP2,GKKKASSKKQKTENVFV,215
Q9NZJ4,WINMSTSNKTRPFFDNL,3022
Q8IWR0,WQGHISSEKHKEKVFHT,880
Q96IZ0,IEDENEQLKQENKTLLK,325
P46940,QRYLDELMKLKAQAHAE,503
P42694,SPQSSAGGKPAMSYASA,1891
Q9BPX3,EKIKIQLEKGNKEFGDQ,896
Q63HR2,HFLIETGPKGVKIKGCP,1209
O95347,AKNKESVNKAQEEVTKQ,870
O14802,ILTTESIMKKSEFLCCQ,954
Q15021,LVDLDLGGKGKKARTKA,148
Q14008,VSKVFNQPKAKAKELGI,102
Q9NRK6,GIYRKLMNKQSFISAXX,732
Q9UG63,ILAYKEHLKSKLVDEEP,606
Q99996,XMEDEERQKKLEAGKAK,8
Q86UY8,NDKRRPFRKMNEKGVLL,344
Q13200,VVGQAGKPKTITGFQTH,860
Q14008,KVELIHGKKAGLAADKK,504
Q99996,SKKQKKKRKTSSSKHDV,41
Q8IZQ1,LPTFAVCEKFVVMEINN,1602
P27986,RTSQEIQMKRTAIEAFN,480
P48059,TCNTKLTLKNKFVEFDM,288
Q14997,IKLLKTILKWLMASAGR,1579
Q9P0K7,QEVNELLQKFQQAQEEL,855
O94851,MASAQEPDKLSMVMYLS,607
Q9NWX6,LPTEMEGKKMAVTRTRT,264
Q9NXE4,GLHHTSLLKRHISHQTS,277
P49792,DFAFGSKDKNFQWANTG,2868
Q9H270,AVLKHIENKNLMPPLLV,748
P20810,QAVKTEPEKKSQSTKLS,37
Q9H6T3,QIEPSLYPKLFQKNLDP,580
Q5VW36,VHVAALLRKLSAHVDDS,1168
P51649,WYNLMIQNKDDLARIIT,135
P42356,LVNFNHIHKRIRRVADK,980
P30086,HHFLVVNMKGNDISSGT,93
Q14008,HCTASTLPKSLLKPFCA,434
O60306,RFLSQLIQKFISVLKSV,228
Q96BY6,QSYIKFVFKTRACKERT,954
Q9P289,LDYLHSEKKIHRDIKAA,140
P22570,PLQVAFTIKELREMIQL,239
P41252,LKQSKHKPKFTFYDGPP,40
Q96LW7,EAEKFRNPKASLRVRLC,55
O95071,DNERGSTSKEGEPNLDK,337
Q00653,TVFLQLKRKRGGDVSDS,312
Q13085,LTELTQLSKTTNAKVAL,1071
O15357,EEPLTPRLKPEGAPEPE,962
Q9Y4K4,PMVCVAISKGTESNQVV,694
Q92878,YNYRVVMLKGDTALDMR,1190
P06576,LFGGAGVGKTVLIMELI,212
P00533,SRGRECVDKCNLLEGEP,538
Q9BRS8,FMITESQGKENMKAVLI,283
Q5THJ4,IRYYFENLKISIPQIKL,3989
P49902,ANMDKHALKKYRREAYH,25
Q8NHP6,KEDIESDGKETLETISN,276
Q9UBU9,WLLSMIQSKCSVPFTPI,142
Q2M389,KKEKEEETKTSNGDLSD,1155
Q6PJI9,PTTITSTMKAKLLKILK,458
Q69YQ0,TVTNGVKGKKSTCPSAA,75
P98175,HQQLSGLHKQNLEIHRR,785
O14979,RGFGFVLFKDAASVDKV,197
P11940,VTEAMLYEKFSPAGPIL,30
P22830,IEYSQVLAKECGVENIR,358
Q7Z6Z7,LDNMNVSRKGKNSVKSV,3403
Q8WXH0,EKAQEIQKKMWDELDLW,3722
Q9UPN3,QEVPAQLLKALEKDAKN,3447
Q9UPN3,SELNLLVEKMDHVYGLS,1141
Q9P275,ADSKTVKLKSPVLSNTT,666
Q5MNZ6,KVMIWDDLKKKTVIEIE,89
Q0IIM8,IQTLEETTKQNVLRVVS,781
Q14161,AALFPKKPKSDMVRTSL,692
Q9NVP1,AMQTFGVLKELMTHHVH,272
Q9BPX3,CLRALEKIKIQLEKGNK,891
P55265,HFLQPIYLKSVTLGYLF,1063
P06737,FADYEAYVKCQDKVSQL,783
Q7Z3J2,PENANDTAKETCLNWFF,274
Q9Y5P4,LNNRCVRAKINVAMICQ,548
Q15021,QRASKKKPKVVFSSDES,1362
O75643,PIESQMVSKLPDMLNAE,896
Q99590,NENRWQNRKPLSGNSNS,1101
Q15021,QLLAKASYKKAIILTRE,530
P10155,KALDAAFYKTFKTVEPT,359
Q9UIG0,VASALEKWKTAIREAQT,1153
O95071,VDGAYVAVKFPGTSSNT,681
Q9H0A0,KFIEGISEKTLRSTVAL,274
Q9P260,KIFTNTKVKPQFQEILR,879
Q9Y2A7,MEEFVPHSKSLSDALIS,201
Q12802,GLPVALQDKAVTDPQGV,1139
P78347,EEKAAEMHKMKSTTQAN,92
P06737,NYRVSLAEKVIPATDLS,656
Q14008,DEVLRQEDKAEAMSGHI,1573
Q14764,LSLSAGRPKRPHARRAL,506
P06576,YDVARGVQKILQDYKSL,426
Q00613,LLTGSEPPKAKDPTVSX,522
Q8IWA0,QLVSVKLPKSSSQEVEA,136
Q15642,LEVVPIIAKCLEGMKVA,247
P49915,TENGKVILKNFLYDIAG,204
P14625,PFVERLLKKGYEVIYLT,561
Q8WXH0,CGSDLPLHKMAIQGFHL,1243
O95202,SEDLQEIKKELSKTGEE,588
O95071,TLVKELQNKYTPGRREE,1412
Q9NZJ4,SVIDSVTKKRQLKDIPV,2791
Q8IZQ1,ARQGPSQLKRTCSIFAY,2603
Q9Y4I1,NHRIVQQAKEMTETMEK,1050
Q5TC82,SHMQSIIDKLQTPASFA,323
Q15306,YPEDNGQRKNIEKLLSH,302
Q9P275,VDKLKEALKPGRKDSAD,12
P50579,STAEEAAKKKRRKKKKS,37
P36776,DVVDEELSKLGLLDNHS,444
Q6UXV4,ESLPKPKEKTKLGSSSE,198
O95425,NREASKKRKVRTRSLSD,542
Q7Z6Z7,PGAEVKIEKRTTSNTLH,214
Q96RF0,KQGKRKAEKDEMVGANF,399
Q9HAU5,EENTEVMIKGGGLKHVP,1098
Q13546,LPPTDESIKYTIYNSTG,530
Q14CX7,AYKYGAFEKIPEFIAFR,592
P30044,VFEGEPGNKVNLAELFK,75
P49589,EMFLSETDKYSKFDENG,697
Q9NZL4,QQVQKLKVKSAFLLQNL,249
Q6YN16,AYSIFQKPKSFTGNFVI,236
Q92841,LSELPKFEKNFYVEHPE,132
Q9UPA5,SSLVSRGRKFQDEITYG,3403
O14617,MSASKFTFKRIGYLAAS,91
P23470,RPLPGKDSKHSDYINAN,902
Q14444,DDYQERMNKGERLNQDQ,84
Q8N5B7,AAKLANYAKYQRLCDTL,264
Q14203,RKTTTRRPKPTRPASTG,151
P42356,FGLFSAEIKEADPLAAS,1272
Q7Z2W4,NFKIEKIKKIENSELLD,761
Q92540,GEKPVVTFKENIKTREV,548
O14964,LEVMESVVKNCGQTVHD,73
Q96J02,ISAKLKENKKNWFGPSP,33
Q14BN4,EKELHNSQKQSLELTSD,699
Q12923,GSPNLTLPKESYIQEDD,2039
Q9H6T3,RNGNFRKKKKGKAKESS,65
Q99996,AFRLEVKDKTDEVHLLN,3199
Q69YQ0,XXXXXXMKKASRSVGSV,3
Q9UM54,TKAAAGTKKYDLSKWKY,1083
Q05823,RNYDHSLVKVLLSHGAK,318
Q9Y4I1,IRGWLLRKKYLRMRKAA,785
Q9BZE4,VQPYAFTTKSLFVGHMD,203
Q14683,ALDGTLFQKSGVISGGA,648
Q12974,VDDWLNLLKTKFREEPG,86
Q9UIG0,RSKKANLGKNASMNTQH,963
Q63HR2,VSAYMHYSKISAGADQA,250
P26640,LGYRHFCNKLWNATKFA,952
Q16204,PRRSNSPDKFKRPTPPP,422
P49585,XMDAQCSAKVNARKRRK,8
Q8N8S7,VVINCAIPKGLKYNQAT,66
Q99973,QLISDWIPKKLPRCVHL,1285
P07814,ASQGEVVRKLKTEKAPK,917
P78527,MQSSVDNTKMVSAVLNG,1591
P53667,PEGLRSLKKPDRKKRYT,500
P15735,ELFDYLTEKVALSEKET,122
Q14008,DEKSPEWSKFLGLIKKF,48
Q9UPN3,ARVKSKREKREVIVEES,2982
Q8TEQ0,SSAVSILIKPEQETDPL,232
O15042,DEEDTQSSKSEEHHLYS,810
Q8NE86,LTYHVRPPKRDLLSHEN,164
P04035,SIRRQLLSKKLSEPSSL,501
Q6P2Q9,AKRYAEKRKFGFVDAQK,50
O00139,FDLLNRKTKLRVLEDGK,383
Q7Z6Z7,LMRHQPTLKTDATTAII,674
Q10713,HIQTALSSKDGRLPRTY,513
Q9Y2D4,KVMVDNIPKLREEIKDV,189
Q96B97,PPPSAPVIKQGAGTTER,349
P49662,RNCLSLKDKPKVIIVQA,249
Q8TDB6,SEASELDKKEKGICVIC,556
O00170,PMELIIGKKFKLPVWET,67
P41252,LKDIKSLEKYIIEELNV,868
P36776,IVLPAENKKDFYDLAAF,918
Q13155,TVHTHSSVKSVPENLLK,159
Q16795,LIGRDWETKNFDFEDVF,137
O60841,LSLEAQGIKADRETVAV,73
Q8WXH0,NLKELQTMKADLTRHVL,5872
Q9HAU5,NKDDTKEAKESKENKEV,504
P29590,LAAVNRESKFRVVIQPE,635
Q5JSL3,DSSSLCSQKGGVIKQGW,163
P78527,GKWKVPTYKDYVDLFRH,525
Q14CX7,LKKRLETTKKLKIXXXX,968
Q7L5Y9,KVQEYPTLKVPYETLNK,23
Q9UIG0,CDFEVGKEKMLKVKIVK,128
O60306,NYSPEVSSKAYLMSICC,88
Q4G176,ALPLPVLEKWKNITGHT,342
Q13586,SHRQKLQLKALDTVLFG,193
Q96EN8,IIGYSQVDKMASLYNIH,409
Q92540,DRRTADRWKTDKPAMGG,1047
Q92878,VKEYQMELKYLKQYKEK,211
P56192,PEAPKGKKKKXXXXXXX,899
P06737,SPKQPDLFKDIINMLFY,760
Q86XP3,LEEKDKERKNVKGIRDD,142
Q12888,GAAPDVDDKLCLRMKLV,984
O60306,EDEDTEEAKTLIVEPHV,775
Q15643,REAEVRNLKQNLSELEQ,655
P54619,QIYELEEHKIETWREVY,113
Q9NXF1,EDGSRLNSKQLNRLLGV,477
Q9BZF9,TLQKDLRDKTVLIEKSH,1047
P11274,ENIREQQKKCFRSFSLT,867
Q13439,LITQLRDAKNLIEQLEQ,352
P29590,LDSSHSELKCDISAEIQ,226
Q9BQG0,QPPSMGRKKRNRTKAKV,1212
Q05823,KLLKLFLSKGADVNECD,114
P00533,ASRALEEKKVCQGTSNK,29
P15735,FLVFDLMRKGELFDYLT,112
Q8WXH0,HLPLVPPNKLEEMKRRI,462
P82933,QAKSLLPEKTVTRDVIG,188
O43683,IVGNPWDDKLIFKLLSG,745
P00533,EMEEDGVRKCKKCEGPC,325
Q6PJI9,VVLEFQWRKQKEGSKDY,292
Q8WWI1,RYEEMQKIKSQLKEQDQ,728
Q9NUU7,INFDLPVDKDGNPDNET,413
A2RRP1,VGPLDISPKDIVQSAIM,2034
Q00765,NCMTDLLAKLEAKTGVN,25
Q9H1B7,ILAGDVKVKKERDPXXX,791
O14964,QLNRKAEGKATSTTELP,226
Q9UDT6,LISQELLRKERSLNELR,905
A6NHR9,LPHYDTLVKSGMYEYYA,126
Q8WXH0,KHVKKHLPKAHVKELIS,1907
Q9BRS8,LWALATPQKNGRVQEKV,205
Q86UP2,TLLQLECEKYKSVLAET,1138
Q12802,SQQSVSLSKSVSIQNIT,1903
Q08209,LSTTDRVVKAVPFPPSH,19
Q15019,ENFRSERLKRGGRKVEN,305
Q15291,EVHPLLGVKGDGKSKKK,474
Q04771,CFQVYEQGKMTCKTPPS,78
P11274,VATDIQALKAAFDVNNK,1102
P04114,EGTTRLTRKRGLKLATA,3390
Q13428,EGGDQSNPKSKKEKKKS,1437
Q96MU7,IDLYQVIHKMRHKRRMH,506
Q9ULJ7,KSGTAAPPKQMPAESQC,1320
P11413,MLCLVAMEKPASTNSDD,275
P46821,EVKKETPPKEVKKEVKK,707
P49916,VKGVCRIGKVVPNPFSE,121
Q9UPT5,SPAIPNKRKDTPTKKPV,258
Q13555,LVEGMDFHKFYFENLLS,476
Q5R372,DNSTKHEEKPQLKIVSN,42
Q9H074,RAPPSSQDKIPQQNSES,103
Q8NCE2,GSKVERIEKRCLELFGR,59
O75167,LSVNRENAKCFTTKEEL,399
Q5SWX8,KEEQSENLKHPKAKLDN,58
P51825,SENRLGKPKYPLIPDKG,91
Q460N5,EVIITGCVKEVNETYKL,652
Q8IYB8,THPKGTRRKKKEPDSDX,779
O15269,GIFAVLKEKCGQIHKAL,369
P55809,RIERLSIRKEGDGEAKS,286
Q2KHT3,YVNSIIVHKFDFSDEEI,130
P61764,KVKKKGEWKVLVVDQLS,29
Q15291,PKGSKGKEKDSPFKPKL,495
Q13362,VQMLRKTVKDEAHQAQK,476
Q7Z2Z2,MGVCFVLEKWDLSKFEE,896
Q9Y4F5,MLQSRSVDKQHAVINYD,41
Q96G23,YLILRMAHKFITGKLVE,329
Q8IYB5,AVEFFIRDKYEKKKYYD,122
P41252,TDFAGQYVKDADKSIIR,371
Q8N3C0,CPRMASMNKPAFQAIRS,1543
Q9UPN3,EEVLLIQEKLDGIKTRY,5535
Q8N5C6,FINREQLKKVKGLGPKS,750
Q96B97,GMFPSNFIKELSGESDE,153
Q5SWX8,AYIHSSKPKVKDAVQAV,297
Q08378,SAQKEMKTKHKAYENAV,995
P14735,GNPKHPFSKFGTGNKYT,217
Q969R2,SLTELDGLKIPSESGEK,341
Q12923,SFIKIPVGKEEFVYIAC,2274
Q9H6T3,STQRQNVVKPIDNPPHP,418
Q8TCG1,TLCGDDTLKMHIAKILT,433
Q8WWI1,VFERTCPSKEKSNSCRI,620
Q5T5C0,IWNVRSPAKPVQTITPH,271
Q86X27,VLRRKTLLKEGKKPTVA,471
Q8TCG1,TKVQEEKIKTLQKERED,816
Q9H9P8,SYGVTEMYKACFLGATV,374
O75643,GSKKDFFKKFLYEPLPV,1716
P27824,GLVLMSRAKHHAISAKL,127
Q07866,LTQDEIISKTKQVIQGL,27
Q99996,SPSKKQKKKRKTSSSKH,39
Q6P158,ALKSICGEKFIERIQNR,262
P41252,RVREELIDKKTESAVSQ,816
Q9P0K7,GADVNSRNKSGRTALML,183
Q99590,EISENILEKGGDPLEKQ,518
Q6VY07,TEIGSLNSKGSLGKDTT,421
Q5VSL9,VTAREKRLKVARAILYV,143
Q9NVV4,SVETGFEDKIPKRRFSE,57
Q8TDB6,CMDTISNKKVLPKCKHE,572
Q9H792,ADVAKSTPKSTPVRPKS,811
Q99570,RHLHMRQKKRNGSLPDC,751
Q9NZJ4,VYLKHLLPKIENLSYDA,3484
P49792,KTPEKAKEKKKPEDSPS,2620
Q15643,QKQLIAEWKKNAENLEG,1706
P49916,ELYQLSKEKADFTVVAG,835
Q9HD26,CKDTSGEIKVLQGFNKK,416
Q9UPQ0,EEERKKMEKLLAGEDGT,394
O60934,TEFRSLVIKNSTSRNPS,665
Q96BY6,VDGGKPLFKVSTFVVST,844
O00410,VEIADTVPKYLRPHLEA,249
Q8IWR0,NSFSMSESKRDLSTSTS,368
O60306,QALNQLFEKIMALDIDE,865
Q9NV70,NVCKAGKKKKNCFLCAT,33
P42680,RGHRLYQPKLASNYVYE,588
Q06265,KPVKRRKKKRAANXXXX,435
Q99973,IPVLYEQLKREKLRVHK,633
A2RRP1,QNYLSKIKKRSWVLHEC,580
Q96MF7,ESRQKRKKKAYCPQIGC,207
O00203,LKQMLESNKDSAKLDAM,55
Q8N122,HCEKIEGSKSLAQSWRM,43
Q8IY17,LATNSSGAKVAERDGFQ,25
Q13838,FNQVVIFVKSVQRCIAL,295
A6NHR9,LNGQEQRMKIDREFALW,554
Q5SRE5,TLEVSLRMKQNLHFTEA,1327
O75534,RNHAIRIKKLPKGTVSF,412
A5YKK6,LSQSNMTQKVEELKETV,1114
Q9Y4F3,TLPHSPQTKEYMENKKV,49
Q7Z4V5,PLPKPRGRKPKPERPPS,291
Q9Y619,GFCQQVVRKVAGLDKQA,94
P20936,GAQQHVLKKLLAITELL,1025
Q9UPT5,NKRKDTPTKKPVKRPGT,263
Q5SSJ5,AVDPEPQVKLEDVLPLA,258
P49902,FGDILKSKKRQGWRTFL,362
Q14669,RANTSERQKTGQVPKKD,59
P50579,AWRTTSEEKKALDQASE,155
P98082,ARFKGDGVKYKAKLIGI,49
P46926,SIKEKETEKSQSSKKPY,279
Q9P2K8,SPEVQGSTKSAYNQKVD,917
P18206,IDSKLNQAKGWLRDPSA,281
Q14683,TLEENQVKKYHRLKEEA,374
O94916,PLIPSSMIKSEDVTPME,603
Q9H2U1,RLNLGKKRKMVKVYTKT,855
O95071,TECARVCHKGHDCKLKR,1217
Q15042,MLNCCIERKKARDEGKK,527
P06737,DFSELEPDKFQNKTNGI,479
P27986,KKISPPTPKPRPPRPLP,88
Q9NXF1,AEHLRKRDKLWGVCVSI,824
Q9NVJ2,LQWLIQHSKSRRSXXXX,182
E9PAV3,AVVTPPSPKGGPATSPP,1298
O95071,AMQPAFASKITGMLLEL,2415
Q13523,KMIRKGVFKDQHFDQNL,919
Q7L8L6,LMNKLLKGKARGHFQGK,637
Q05209,IGFGNRCGKPKGPRDPP,768
Q6NZI2,LERQAGQIKKLEVNEAE,136
P04114,IQDWAKRMKALVEQGFT,2578
P46060,ACFTLQELKLNNCGMGI,148
Q69YN2,DLNEKQGRKRSSTGRDS,301
Q9P1Y6,NPSPLFSIKKTKQLRSE,820
Q8TDD1,QQLKWDRKKKRFVGQSG,736
Q9UM54,PDHLAELVKRVNHWLTC,782
Q8TEQ0,KCKKERKKKKKVTNIIS,260
Q00765,WFPFYYMLKCGFLLWCM,117
O00203,YLTNSKQTKLLTQYILN,552
Q9HCE0,TLSVQMLWKLFYLMHQV,722
Q05823,FPQTHSPNKPQCDGAGG,724
Q13439,ESCITQLKKELSENINA,1346
E9PAV3,PAATPPSPKGGLATPSP,1229
Q86UP2,QEENKWKVKVDESHKTI,1167
P56589,YLDNAAVGKNGTTILAP,149
P07602,YPQDGPRSKPQPKDNGD,188
Q9NR30,KKEKPKSDKTEEIAEEE,40
Q9Y3D5,MGFMPVTYKDPAYLKDP,125
Q8N9R8,RDLPQYGQKQWQSYFGR,85
P19367,ELKDDQVKKIDKYLYAM,21
Q8NE71,TGAAAAEAKARRILAGL,430
Q92540,KTPVSEARKTPVTQTPT,631
Q8IZH2,ETPGEGEHKIMEFIRSE,180
Q86V48,GTESGLKGKVEKTTRTF,503
Q9UPN3,KEQVSEAIKTSQIFLAK,1486
O95299,DIEYLKFDKGPWLKQDN,280
P49915,DPAIFTIGKPVLGICYG,98
P78527,ISSLIRSCKFSMKMKMI,3235
Q99996,KSSVFDEDKTFVAETLE,921
Q5VSL9,DFRIHVTDKKWTELDTN,112
Q27J81,XXXXXMSVKEGAQRKWA,4
Q5K651,CQYDYFQIKMQNYNNKI,324
P26640,KDTRYQHLKGKNVIHPF,560
Q12906,KSPSKKKKKIQKKEEKA,389
P28328,HIFCYFCAKSSFLFDVY,269
Q16881,RDNNKCYAKIICNTKDN,574
Q9Y6D6,KTYGHTYEKHWWQDLFR,1421
O14974,LTDLQEAEKTIGRSRST,709
Q8WXH0,IQERHSFTKEIIALKNF,3590
Q5K651,FDTGMGKSKFLQDMHTL,1026
Q9P2Y5,NINDKLTEKEREFPLYP,406
P35659,EEEEEEKEKSLIVEGKR,50
Q92805,YKMSWFGSKPAPKGSIR,748
Q15643,YSAELEKQKQLIAEWKK,1699
Q96Q11,TTRVCELLKYQGEHCLL,367
O95347,XXXXXMHIKSIILEGFK,4
Q0ZGT2,KRSGSIQAKNLKSKFEK,446
P49257,IKEHLHIVKRDIDNLVQ,447
Q86UP2,KNGSDDQDKKVETLMVP,179
P12268,YPLASKDAKKQLLCGAA,241
O95453,GRKKAKKLKRMKKELSP,612
Q14008,FIMEGTKSKNSKQRAEC,1336
Q96JH7,PKKNTELVKVMGLSNYH,118
P19447,DYRLQMPLKDDHTSRPL,68
P46940,LTLQEKKEKIQTGLKKL,1458
Q9HCE0,FKVERGSPKSCFLFLGS,2082
P78527,SALSRAAQKGFNKVVLK,824
Q14320,LRSWYEKNKHIFPASRW,316
Q9P0P8,RLNEEKLWKKSRTVKVG,177
Q2KHT3,RVQKRPNYKNVGEEEDE,394
Q9HAU5,DTKEAKESKENKEVSSP,507
Q8IY18,DLIEMLEAKRPWVEYEN,269
Q04721,SLKHTPMGKKSRRPSAK,2101
Q9H2U1,SKANAKQRKGRAGRVQP,600
Q9NTJ5,WNSMIRYYKNNFSDGFR,483
Q13439,QNSISLSEKEAAISSLR,1392
Q5T1M5,WSIMFESEKAAVEFNKQ,158
Q10713,NSGSRYEAKYLSGIAHF,103
Q96JI7,TVNFFLKSKENLFNPSS,552
Q9NZJ4,EEKAIRLCKALREGLKV,4039
Q13547,VKTEDEKEKDPEEKKEV,451
Q96RK4,LTYDPTNYKAILAAGSM,237
Q9HAV4,VEKHYVFLKRLCQVLCA,320
Q9UQE7,SLDQAINDKKRQIAAIH,409
O43837,YATKKGRGKVTAVHKAN,212
P48200,PSFFDKLTKEPIALQAI,729
O95347,KEAGQRLQKLQEMKEKL,971
O75643,NITVREEEKLELQKLLE,1034
A3KMH1,ETEFSIPHKISSDQLSS,1334
P46940,RSHKDEVVKIQSLARMH,811
Q9P275,PTLLSSTPKPPGTSEPR,767
Q96JI7,HGQYNVLQKDHAKTSDP,401
O75643,YMGCDQEYKFSVDVKEA,2121
P33316,GKEKFEVKKGDRIAQLI,213
O60306,NLNVRDHIKDEWEGLRK,550
Q86UP2,LKVISEREKEISGLWNE,1006
O95202,FRLLWIDTKIAARMLWR,176
Q9HA77,WELLDQRTKDQKSAGXX,558
Q14344,QRKSKEIDKCLSREKTY,36
P49916,ERARATTKKIEDLTELE,156
O43395,FGDDSEISKESSGVKKR,103
Q15717,GFVNYVTAKDAERAINT,72
Q96CV9,AEGSVKEIKHSPGPTRT,196
Q8N3C0,KIVYVAPMKALAAEMTD,540
A2RUC4,LAKYPLFSKARRYECSL,213
O95071,TELGGFEVKESKFRREM,2221
Q92797,VPPSPELVKRVRDLYHK,875
Q3YEC7,KWSSIPASKPRRGTAPT,505
Q13045,QATLSSTTKARLFAEKI,671
Q13555,VLRKDPYGKPVDIWACG,193
Q9NUQ7,QFEPEEDIKRKFMRKKD,97
Q15021,AQILQGCAKQALEKLEE,895
Q9NSD9,NNIQMTLPKTYTIANQF,383
Q9NQ66,QKKHYKEMKDLVKRHHK,931
Q14997,KCCPEESLKLFVPHCCS,644
O95671,EFYEETKVKFSELSEEL,151
Q9Y4I1,TCRFLHCLKQYSGEEGF,1569
Q14008,FYDKIEAKKWQERKEAL,292
P46940,EMKGKKSKKISLKYTAA,1558
Q96EN8,NSQRNAKKKHGKDQLPG,718
Q96SI9,KDGENVSMKDPPDLLDR,184
Q96AG4,HLVKLDLSKNKLQQLPA,71
Q6IA86,LASACKAAKKEHAAIIL,590
Q5K651,KFRAKTNKKEREGPKLV,387
Q92797,KRDIELLLKLIANLNML,109
Q9UIG0,QGFMAPKQKRRKLQSED,1118
Q12923,GCEEYCEEKVKSESLIQ,2129
Q7Z2Z2,QALKAAFMKCGSEDTAP,401
Q04771,SNGIVEDYKPPFYDVVP,428
Q7Z3U7,STWHTVIWKVLFHLLDR,1070
Q13200,ENMAPGENKRFAADIIS,119
Q5JTH9,NLFTKFIRKFGFELVKR,1014
Q8TAQ2,RLWLGKNYKKYIQAEPP,36
Q04721,YGEKSAAMKKQRMTRRS,1601
Q8NHV4,VNIWDLKSKRVHRSLKD,109
P27824,AKHHAISAKLNKPFLFD,134
P54619,RAAPLWDSKKQSFVGML,78
Q9P289,LLKHKFIVKNSKKTSYL,276
Q96SI9,KYSWSVTDKEGAGSSAL,347
Q13459,EILVEVLTKRKTVTVND,455
Q8TDD1,AMAQWRKKKGLRKRRGA,24
P98082,AFASYFNSKVGIPQENA,689
O15042,IETKKPPLKKGEKEKKK,193
P15735,ELPDWAAAKEFYQKYDP,18
Q7Z2Z2,SGQLIATMKEACRYALQ,966
Q9HB90,DKESMAIIKLNNTTVLY,319
O43683,PSLDLLRQKLKKVFQQH,1053
Q5T160,IEEYIRVYKRLGVYFDE,257
Q8NHP6,HNIVDETLKMLDESFQW,63
Q13523,GMSPAKRTKLDDLALLE,99
Q96A49,NLNQEDLRKEMEQLVLD,292
Q9UKV8,MATQCVQMKNVQRTTPQ,550
Q13428,AQAASTPRKARASESTA,986
Q9UKV3,PPAEHEVKKVTLGDTLT,970
Q96QK1,DKWEKKCQKIFSFAHQT,559
O60264,PPPESAPSKPAASIASG,19
P19623,QQVAQMQLKYYNSDVHR,277
Q8NCA5,GRGGGRGNKHQGGWTDG,379
Q9ULJ7,KLQHCLQEKSNCCNSAV,40
P07814,LKPVWYSPKVFIEGADA,549
O15270,RLPEVIALKKKYKAYLY,334
Q13554,IHNPVDGIKESSDSANT,392
P78347,QPRTNTPVKEDWNVRIT,561
O15091,EDLKENTGKTSFESWII,137
Q9NR30,GEEIDSKVKGMVFLKGK,670
A6NHR9,EVRTVPIAKLDRTVAEK,668
Q9H792,PELEREDGKEDISDPMD,1091
Q9BQS8,ARSPFLQPKLSSDIVGQ,145
Q9H7D0,YLRFYGQSKDGDEFNNS,782
Q13601,ADEKKKKKKKXXXXXXX,380
P04114,LIYITELLKKLQSTTVM,4540
Q9Y697,TVNNEIGVKQPIAEIGR,212
Q9NQ66,FEISKKRNKSFEMSSFV,563
Q9H6R4,WLRQRELDKGQGGFTGF,342
Q9UHY7,SSGSVEAQKLLFGHSTE,161
Q96KR1,QIHYCDVCKISCAGPQT,337
P04114,SAEYEEDGKYEGLQEWE,3963
Q13439,QCTLLTSEKEALQEQLD,316
Q9UPQ0,EKQDRRWKKSFQGDDSD,874
O43683,SSGAWGVNKIISSLSSA,518
O60645,DSTSFFTMKETDREAVA,13
P20936,ITLSNKTKKSKDPDILF,664
Q9NX58,ITIKKLRKKVLAQYYTV,335
Q96T76,VDSEVLSAKLDSLQTLN,275
P49756,EEEKGKKEKERQEIEKE,300
P22570,GLYCSGWVKRGPTGVIA,400
Q8IZQ1,WTELIHSKKQVLEELFK,2212
Q5T5C0,LFGESSSGKASRSLAQH,1072
P57057,TCLGNWFGKGRRGLIMG,186
P04114,YHIRVNLVKTIHDLHLF,2224
Q8WXH0,LSEIEEEDKLLPTEDQS,2037
P49792,FVFGSESVKSIFSSEKS,2522
Q5VYK3,QEKAALLKKTLENLEXX,1839
Q9NZM1,PEDTSSGSKGYMKVSMF,313
Q12802,SKKSKEKEKEKDKIKEK,1767
P78347,EPANAGKRKVREFNFEK,345
Q9Y2U8,NPFGETFGKIQESEKTL,518
P43243,KVDLSEKYKKLVLRIPN,573
O75962,TSDNKIVLKASSIENKQ,1572
Q12923,GILLGVCSKGVLVFEVH,800
O43159,KKGKKKCQKQGPPCSDS,98
O95347,LILSMLLFKPAPIYILD,1105
Q9ULH1,YVDHRFSRKTCSTSSAK,555
Q13200,KKEKKDKDKKEAPADMG,639
Q13362,LPQDPHTKKALEAHCRA,507
Q92878,LRKRNEELKEVEEERKQ,1032
Q9NZM1,RDEPNMNPKLDLPNRPE,1995
Q8IYT2,IASLNHYLKSHRFPCHW,159
Q8WXH0,LLLWLASAKNRRQKAHV,6681
O00203,RQLIVPNVKSGALSKYA,586
Q9HAU5,AVASIVEAKLKISDVNC,213
Q15746,QIQESEHMKVENSENGS,1285
Q16531,ETGLLSDRKKVTLGTQP,627
Q8WXH0,ISIEEMIEKLQKDCMEE,5954
Q6PJI9,NRQIKAAGKVIIQDIAC,646
Q13838,LQQYYVKLKDNEKNRKL,270
Q9NUQ7,IKRKFMRKKDKKLSDMH,104
P29536,EAMLNFCEKETKKLMQR,74
Q99973,CLRTAMTDKFAQFDEYQ,368
Q15020,DVEPPSKQKEKAASLKR,682
Q96I51,CLHFSGVGKVRQAACGG,337
Q12931,TDIVVDHYKEEKFEDRS,560
O15530,YFTFQDDEKLYFGLSYA,154
Q8N122,DPTVDEVKKLCTSLRRN,132
Q3YEC7,SMKNSFGLKYLHKFFNI,221
Q5SSJ5,PMASSPRPKMDAILTEA,160
Q4G176,FSPQQVWEKFLSSETPR,278
Q9HCE0,LRLSKMDFKSFGLFSKW,1912
Q13085,PPNVEKSIKKEMAQYAS,919
Q5K651,WGTEKFEDKMGTYSTIL,959
Q9H3M7,QGPLGTSFKGKYGCVDY,115
Q9H074,RDVKQMLLKLVELRSSN,368
Q9UPN3,ALKVINKVKLEVQRQLI,2107
O15173,VFDVTKGSKFYGPAGPY,135
Q9BUL8,LKTYFKDGKAINVFVSA,186
P06737,FEGKELRLKQEYFVVAA,295
Q96Q42,TFTPSDKLKVIQQTFEE,1573
Q96JI7,SSIFEEISKKYKQHQPT,2383
Q96QK1,NRYIYFYEKENDAVTIQ,733
Q9Y5B9,PELLNKITKNLGFGMGI,346
Q9Y4W6,TQVLQPEEKKTVAYHEA,568
Q5TC82,QCSLDMKSKLNTSKQAE,1056
P51617,IIINPARQKMVQKLALY,668
A0PK00,ISKQKKHLKDLKLTLQR,55
Q9Y305,LTQGPQNPKKQGIFHIH,30
Q5JSL3,LQLKYDSQKTFAKARNI,656
Q9NWH9,DGEEEENEKDIAGSGDG,196
Q8NE71,KKGKEEKSKGKAKPQNK,184
P27635,IPNRGPLDKWRALHSXX,208
O75962,KKCVTAVDKRYRDFSLR,1226
Q96JI7,FEEISKKYKQHQPTDMV,2386
Q9H792,RRAADAKPKRWISFKSF,923
Q86X27,RKDKTTFEKLEYVMSKE,172
A2RRP1,SHSFILSLKNSEQETLQ,1977
P78527,PDVCVNLMKALKMSPYK,1404
Q16555,KVFNLYPRKGRIAVGSD,398
Q96TA1,ELGPRLKGKPQERQRQW,260
Q7Z5R6,SGSPATPLKAKGTGGGG,537
Q9UGI8,LLSNEEDRKVGKLFEDT,62
Q12931,QAIWMMDPKDVREWQHE,304
Q6PKG0,KVVEIVDEKVRRREEPE,473
Q7Z478,AEQQNEEEKNENSKSLE,245
Q9UKV8,FVCEVLDFKSIEEQQKP,241
Q96HY6,LSGKIGAKKLRKLEEKQ,121
Q13685,TTSGDHKAKVFCVQRPD,425
Q9NRZ7,GSSKVLAKKELLYVPLI,124
Q6IA86,IRIWKLYIKSTSLETQD,241
Q9UKV8,VREFGIMVKDEMTDVTG,402
Q15746,RLVEKKTRKVWAGKFFK,1488
Q99704,VETAIHRQKAQGKAGQG,253
O75955,AACQMFLGKTEAEIAHI,91
P48200,DDVEITLYKHGGLLNFV,950
Q9NR30,KVKGMVFLKGKLGVCFD,676
Q96KP1,PHRVAFVEKLTKLVLSQ,454
O94874,RLAEEVNDKLQESGQVT,130
Q16222,KNADSQNGKDNPTTARH,415
A3KMH1,PQLGSPQQKPKRLRLVV,1711
O95425,XXXXXXXMKRKERIARR,2
Q14008,PLKKAPAAKAGGPPKKG,550
Q9UIG0,EEFPAWYEKLVLEMVHH,86
Q01970,MGRILVKNKKRHRPSAG,468
O15084,VNMKSKDGKTPLHMTAL,307
P09382,LVASNLNLKPGECLRVR,13
P49792,PTQKDLVLKIAELLCKN,99
Q9P2E9,EGMLRDLQKSVEEEEQV,1147
P49406,PVVQEPNQKVPVNELKV,214
P04114,VTKSYNETKIKFDKYKA,3227
Q5SWX8,LSNINLQGKAFVSGLLI,23
Q9BYT8,KSVTLYTVKDKATGEVL,424
Q9H3S7,TTDHSEMKKLFEEQLKK,600
O43395,AEISQAARKTGIHTSTR,361
Q9P2E9,EPSSDLASKLREAEETQ,1113
Q69YQ0,LLESVRLDKEKAETLAS,616
Q9NZJ4,QNTPIHVVKDTLKKFLS,2953
P84022,KSLVKKLKKTGQLDELE,44
Q7Z478,SPPLQPKTKTYEEDPKS,208
P98175,KEGKEKKEKHKTKTAQQ,642
P06737,SQFLETEYKVKINPSSM,555
A6NHR9,SLHYEEITKGPNCVIRG,879
Q5SW79,HLGSSAPGKEKSETDKE,729
Q9UBB4,KKVGFEVEKKGEKLILK,459
O43683,SPIQEKSPKQALSSHMY,663
P04114,IEDGTLASKTKGTFAHR,3944
Q5SW79,LQELKRVEKQLQAINAM,1485
P18583,DSSLRSRSKRSKSSEHK,1827
Q9P289,MRVLFLIPKNNPPTLVG,233
Q8IXI1,QFVQRVFEKHDQDRDGA,315
O75879,LNSIRFLAKAIDYEIQR,290
P42694,EATIEEKTKEYIFLRLS,564
P43897,KEGWSKAAKLQGRKTKE,96
Q13439,AEQKIAAIKKQLLSQME,1652
O95671,KLKVFDLLKDEAPQKAA,314
Q96BY6,IMNFYKDEKISKEPKGC,230
Q86UY8,KSSHGNTMKQFMDIFSL,213
Q99570,RDGIVKVWKXXXXXXXX,1358
Q9Y6M1,QGVASQRSKXXXXXXXX,599
Q8WXH0,TVVLWENTKALVTECLE,1520
Q8WVY7,GKFSEFYSKKNTIMFDD,245
Q9H3M7,RGKSLRVQKIRPSILGC,259
Q13642,VAKKCAGCKNPITGKRT,225
Q9NZJ4,SSEGKMTLKKIKWVPAC,1152
O75534,NYEVGDSKKLFFHVKEV,697
Q8IZQ1,GSSIEEEEKTDNATLLR,2520
P32455,CSYIFSNSKTKTLSGGI,278
O60264,RGPKPSTQKRKMDGAPD,1034
O75643,DDAIVSQKKADEVLEIL,285
Q8TD19,GQQVGMHSKGTQTAKEE,945
Q5JSL3,VKIIQDSDKVNAKELDP,1820
Q9UM54,PPILLVAGKDDMEMCEL,1230
Q15477,KVLRVNGEKILEDFSKR,939
Q7Z3U7,QGTVMLTSKNIQCMRTL,675
Q8IZH2,IERCCTRYKIISLDAWR,630
O60264,LADEMGLGKTLQTISLL,211
Q8TEA8,LQCVLKGNKPDFHLAMP,90
Q5VSL9,PKGLPWAPKVREKDIEM,427
O00159,RTFTWLVGKINRSLASK,396
O00635,VEDVCQGYKEKLQKAVT,137
Q0JRZ9,GEEQVKSHKKTKEEVAG,113
Q13045,RKFIIHRGKRKAVQGAQ,1044
P53582,LDVAAGMIKPGVTTEEI,158
P23470,LAYDHSRVKLRPLPGKD,892
Q14683,ALNLQEKSKLESELANF,736
Q6P2Q9,LILADYGKKNNVNVASL,1994
Q8WWM7,ILKEEPKGKEKEVDGLL,579
Q96JI7,YFEVLMRKKLDPSGTLK,2192
Q07955,GETAYIRVKVDGPRSPS,193
Q9NZJ4,PAGFSLDWKGNSFKPET,2230
Q14683,VEDELKEKKKELGKMMR,267
Q27J81,GRASKGTGKRRKKRPSR,1220
O14832,ARVHLVMEKGDTVFFHP,252
Q96BY6,RTVHEELAKNVTGLLKS,969
Q6PKG0,IPANRGEIKGSESATYV,289
Q8IYT2,EECCVFFHKYQLETISE,369
Q13426,LVLNEKKTKIRSLHNKL,190
P09012,GTFVERDRKREKRKPKS,107
Q8TD19,LGDYGLAKKLNSEYSMA,200
Q14669,RQKTGQVPKKDNSRGVK,65
Q14BN4,LKQCKNNLKLLREKGNN,790
Q2NKX8,NTWVKEFIKWTPGMRVK,166
Q7Z2W4,IENSELLDKFTWKKSQM,770
Q567U6,LKSQEQEFKAHCREEMT,404
Q9HB90,DGSGSAYDKESMAIIKL,312
Q8NE71,EDKEEEIIKEKEPPKQG,209
O14974,XXMKMADAKQKRNEQLK,7
Q15643,EVSQLNTIKEHLEEEIK,905
Q14914,PAAFMGMLKGDNLGKTI,318
O15198,LSCPGQPSKCVTIPRSL,67
P26232,YDGVRDIRKAVLMIRTP,625
Q5JSL3,LYVYPLQLKYDSQKTFA,651
Q9H6R4,SYTNGCHLKPSLLLRPR,234
Q5JSL3,YCYPFTIYKNHLYVYPL,640
Q92878,LVGPNGAGKTTIIECLK,42
P0CB38,RIRGCQGVKLYIKNLDD,294
P98082,KEKKKGPEKTDEYLLAR,34
O95202,EEKYVEESKASKRLTKR,603
P06737,VENVAELKKSFNRHLHF,30
Q16666,LFCFRLRKKNQMSKLIS,372
P04114,DLSVKAQYKKNKHRHSI,3178
Q969G5,AAPPPTPVKPPRLGPGR,208
Q9H061,LSYWIRTSKPVFRKMLF,153
Q8TB22,LTSGQLLMKHYGLTEAG,431
Q7Z478,ERYLHLAAKLLDAKEQA,270
P78559,PQEPGKPQKDEVLRYPD,1134
P06576,AAQTSPSPKAGAATGRI,55
Q9H9A5,SAGSTDPGKKFSGRPMC,339
Q13085,QAMWALGDKIASSIVAQ,243
A2RRP1,TFSPKAVTKLSVEARKE,1908
O15084,YMGHIEVVKLLVSHGAE,190
P07814,CNVVRWEFKHPQPFLRT,1156
Q5THJ4,RGTVTLLHKEQGTPQMN,513
Q6PJI9,DGDVRIWDKRKPSTAVE,177
P48059,EFIIGRVIKAMNNSWHP,84
P39019,LEGLKMVEKDQDGGRKL,115
P49023,YCNGPILDKVVTALDRT,427
P43243,KPDQKFDQKQELGRVIH,491
Q7Z478,LQSTPKYQKLLKERQQL,564
Q96RF0,IWSVLCRLKGATLTAVP,558
O43865,TREHLDRMKNSCIVCNM,389
Q96SI9,GDDKDPNKKMKRNLRKI,372
Q9BUQ8,DEHGDKKPKAQPLSLEE,138
P78527,AKDSPLETKMAVLALLA,1642
Q86Y79,YLVHDELDKPLGRLALK,125
Q9P1Y6,EEYKDILRKAVQKICHS,1598
Q8WXH0,ILSQIRKCKVTHDGILA,2769
Q9UPN3,ALDRLEELKEFANFDFD,7021
Q8TDW0,STAGALDKKEGEQAKAL,233
Q9NXE4,RKTDEYLEKALEYLRQI,660
Q8TCS8,VSCEVDMFKTLHGSALF,378
P09486,QNHHCKHGKVCELDENN,81
Q9P2I0,KLKKEAAKKLEQSKEAD,408
Q9ULH1,PQLGDLPPKPQLSDLPP,974
Q9UHB6,LEEGIKMSKPKWPPEDE,553
Q9P1Y6,LLRPDAAEKAEAPSSPD,1354
Q12797,PDVPADLLKLSLKRRSD,420
Q12923,DLPVVPSSKRSAVSAPK,1974
O15084,EEAVQVLLKHSADVNAR,95
Q9UIG0,PLKAKGRSKGILNGQKS,409
Q6P158,MQPKSAELKFVTKNDGY,1253
Q01085,ALAAMNGRKILGKEVKV,72
Q15257,TQNFIIPKKEIHTVPDM,28
Q9NP80,KYSDKSAEKSPFPEEKS,167
Q15717,ARPSSEVIKDANLYISG,104
P02787,LTWDNLKGKKSCHTAVG,466
P49916,AKRGTAGCKKCKEKIVK,106
Q8N5C6,AELVKIEPKHIGVGMYQ,675
Q9P2J5,DIAALRDLKKKQALRAK,407
Q13547,NFKKAKRVKTEDEKEKD,444
P11940,LYVALAQRKEERQAHLT,371
O15042,AFVEEPSKKGALKEEQR,531
Q567U6,IVSVLPRMKCPHQLEPH,98
Q6PI48,VLATYGTDKPDTRFGMK,332
Q13190,TQEFLSACKSLQTRQNG,69
P49916,FSYFSRSLKPVLPHKVA,531
Q96P48,VGDKVQLYKNLEEYHLG,469
Q13439,NSEMEQKVKSLTQVYES,882
O60934,XXXXXXMWKLLPAAGPA,3
P11940,FVGRFKSRKEREAELGA,177
Q8TEQ6,DAAKVLAKKGDAASLRT,1062
Q2M389,LKDHWTMYKRLLKSVHH,221
P18583,KDDYEIFVKVKDTHEKS,1795
Q8IY18,VISSNTSLKVAQFLTVT,638
Q9P1Z2,GGPATPTWKECPICKER,654
Q9BQG0,NHLQEQPRKALVDILSE,179
P42694,LCSIGRCRKFWERFIAL,1062
Q14344,EFQLGESVKYFLDNLDK,175
P26640,MDFGTGAVKITPAHDQN,591
Q96EN8,RANIIINGKRAFEEEKW,784
Q8TEQ0,NKDLNGQSKFAPTVSDL,187
Q9Y4F5,AEARAVSRKAANTATTT,1220
P55011,DTSKPLSEKPITHKVEE,971
Q15021,LWATDYGMKSIVGEIVR,272
P52948,KPVWQLSEKKQINVCSQ,1413
Q9Y3U8,GTHIRAKRKREELSNVL,86
Q9H0A0,EAAKEFQEKHKKEVGKL,947
Q96JI7,YIFDLLHKKHYFEVLMR,2182
Q9NTJ3,LEDVQVREKLKHATSKA,403
Q14139,FDILLGRIKDLELCQIL,281
P43243,SQKYKRIKKPEGKPDQK,479
O00159,NDNSSRFGKYMDVQFDF,200
Q9P2Y5,LRQTLPNLKNFMEHGLM,455
Q15397,KQFTGKSTKTAQEKNRF,15
Q86UU1,RQLQVYRSKMDGEATSP,964
Q9NZJ4,GAQVNPKFKQCDVLQLL,3692
Q567U6,RKNEMLLSKVKAKASXX,625
Q01433,ASYPSGSGKPKAKYPFK,64
Q15020,PQTYGARGKGRTQLSLL,908
Q99570,GIEASKLPKSPKIHPLQ,1078
Q96F86,NGTGKFVKKPASSSSAP,106
P27986,LTQKGVRQKKLNEWLGN,592
O43683,KQKMDELHKKLHQVVET,298
P82675,DRKKKMKVKRERGWSGN,188
O43159,EEEEEERKKKCPKKASF,73
Q96KC8,GIWFCLTLKALPHLIQD,236
O76031,VVLSEADSKKSIIKEPE,143
Q9P260,FLVNEFLLKNNYKLTSI,269
P82909,ISQHSKGSKSPDLLMYQ,60
Q9P2E9,HHQKVEKKKKEKTVEKK,61
O94925,VKFLLEACKVNPFPKDR,610
P46821,LELIEDEEKLKETEPVE,866
Q13685,EILDFALSKDASLVVTT,410
Q9NZJ4,PSQDGRLVKSSILVFDD,3918
P29536,ATQRKMGDKVLPAQEKN,565
Q86W92,SNFGNLRKKKQEDGEEY,916
P46060,MVQQDYFPKALAPLLLA,553
Q6NZI2,SKLLEKVRKVSVNVKTV,116
O15269,SHKTVVNGKECINFASF,98
Q7Z3U7,MDMAYGNNKEPSLFAVA,788
Q86YH6,VYHENSTSKESYITDDI,234
Q13155,KNVPKTQMKFSIQTMCP,198
Q9BUQ8,RDRKSSPSKDRKRHRSR,42
Q12797,EVPPETNRKTDDPEQKA,316
P78527,SKVPADLLKRAFVRMST,3884
O14979,GLSWDTSKKDLTEYLSR,162
O14802,RITPTQVEKFLETCRDK,1013
Q86X27,TQLFYYAAKSLKATERK,499
Q96JI7,ENCPFLEKKELHEAHPW,1025
Q12906,PPDVLDRQKCLAALASL,202
O75167,PSKKELEDKNILQRTSE,495
O00410,SVADTAEEKFVPYYDLF,526
P00338,TSEEEARLKKSADTLWG,317
Q8WXH0,EKAMEPTMKFSLASVLR,1088
Q96Q42,EPPISRSAKYTFYKDPR,1035
Q00653,KLPSTAEVKEDSAYGSQ,863
Q13523,EEEGEIHEKARNGNRSS,153
O60264,LPNAAQAQKEEQLKIDE,814
P62333,AVRKVADSKKLESKLDY,378
A3KMH1,DDNLEPELKDYKCEVTS,720
O15530,QPPPQPRKKRPEDFKFG,77
Q9Y4F3,GHKRIVVLKNDMKSRLS,1558
Q96FV9,QCYEKISWKTFLKYSEE,258
Q9UGI8,MEDKSAEHKRTQYSCYC,230
Q14573,AAEPLDRSKFEENEDIV,955
Q9UHB6,TSHAASGAKADQEEQIH,117
P29317,TLKAGYTEKQRVDFLGE,655
Q99973,QLAKYNPRKHRAKRHPR,384
O75879,PLGVRTEVKNLNSIRFL,280
Q9UPN3,QISSSNECKEKSYQEVS,3174
O15042,NAPMLPPPKNKEDFEKT,403
Q96EP5,MQPERTRPKEGWQKGPR,98
O43395,EQRKVKKIKKLKEDISQ,531
Q9NR30,EQKAGIKFKRIGVPSAT,561
Q9Y6D6,KKISMKETKELTIPTKS,888
Q9Y5P4,EAALDRQDKIEEQSQSE,335
Q8WXH0,WDEEIENLKQILNNYSA,4009
Q9H8P0,IWSSAHQYKCHVILGNL,219
P26640,ARMVMLGLKLTGRLPFR,839
O14617,IIEVMSASKFTFKRIGY,87
O00471,MPLISSSPKLSECLQKK,513
Q8N122,GVTLDLIEKIPGRLNDR,297
P42694,KQQLVTTAKRWDSSSKT,404
P23443,VLGKGGYGKVFQVRKVT,104
Q9Y6D6,STSLDCLQKLIAYGHLT,105
Q96N67,VEISTGERKGSWSERRN,430
O60264,GPHMVLVPKSTLHNWMS,238
E9PAV3,PAQAGLTTKKDPTVLPL,554
P49585,YHLQERVDKVKKKVKDV,248
Q14BN4,SSLEHLLSKSGGDCTFI,401
Q8WVV9,NGSNPYTLKLCFSTSSH,533
O43175,FMGTELNGKTLGILGLG,146
Q9H444,RDTEEMLSKKQEFLEKK,38
Q13838,IFRMTPHEKQVMMFSAT,222
O15091,IVNRFPGSKLTFQRILS,536
Q9P0M9,SKKSGGSSKNLGGKSSG,40
Q9BZQ8,VSQNFQTTKDSVQLKEH,384
Q13216,YGKVCNNSKKGLKFTVS,292
Q9H792,ETASSLSQKICNGGLSP,363
Q9P2E3,VSKASDFQKVPEGGCSL,1282
P42356,RASERASEKGPALKASS,754
Q14444,KLRNLEKKKGKLDDYQE,72
Q96KR1,SSTAVSASKPTASPSSI,441
Q9UP95,IEGVVLRDKYGDGVSRN,485
Q9BQG0,KQEQDLLHKTARIFTHH,874
Q8WXH0,NEHLEVVDKINQVCKNL,1593
Q15020,YLDRQLKVKDLVLSVHN,361
P17252,ARKGALRQKNVHEVKDH,29
Q8N392,PDANRDTLKALLEFLQR,455
Q8N556,QVKRKKSSKSEAKGTVS,309
Q9UDY4,IIKDKDHPKFKRDGSNI,242
Q7L1W4,LGQCRMLKKSGLVVEDH,825
Q15428,EKVKVEVKKFVKIGRPG,108
P43243,MAMVDHCLKKALWFQGR,554
Q9UPT5,RREIEDKLKQEEETLSF,19
Q8TEQ0,LERLLDAVKQCQIRFGG,22
Q9NUJ1,PNLAYKKLKGKSPGIIF,72
P49257,KNDYEFCAKVENMIIPA,232
O14802,FRETDVAKKISHICFGM,14
Q96BY6,YMCVEFLWKSERYELIA,1822
Q9P2E9,KVEKKKKEKTVEKKGKT,64
P17252,VLGKGSFGKVMLADRKG,352
Q92805,AEQVRNLQKIKEKLEIA,86
P0C0S5,LELAGNASKDLKVKRIT,75
Q5VYK3,DDIKESVRKAAELALKT,1222
Q9NZJ4,IESPTSILKALHYMVQT,3363
P78527,CSKPVVLPKGPESESED,499
Q9Y6U3,QMDDYLGGKPVQNRELQ,92
P29317,AERIFIELKFTVRDCNS,99
Q9UQE7,SEMKMLKEKRQQSEKTF,745
Q9NVP1,NLVNENTLKAIKEMGFT,192
Q9P2K8,TYVALVSDKEGSHVKVK,1457
P00338,VESAYEVIKLKGYTSWA,243
Q8N9R8,GRTFDVYTKLWKFQQQH,100
Q5W0V3,QEDFVYHWKAITHYYIE,31
Q5JTH9,RKFGFELVKRLLPEEYH,1021
Q96GG9,YKDPQDENKIGIDGIQQ,80
O43150,RKSQATKLKPKRVKALY,945
Q9UDT6,LKPPGRGGKHSSPMGRT,15
O43150,VKTNPEEKKCFDLISHD,364
Q9P2J5,AKEKLDQLKQEFEFWYP,659
Q9Y6K8,NRKWSLIAKIITTGELA,185
Q5T5C0,KLSLPTDLKPDLDVKDN,765
Q1KMD3,TNRRNNRNKRNRQNRSR,648
O15042,ETKKPPLKKGEKEKKKS,194
P19838,NSVLHLAAKEGHDKVLS,624
Q7Z6Z7,MHDCVSVVKVSIVNHLE,2671
Q8WXH0,EQWLSLNKKIDHELHRL,4931
P42285,TKKDKEKDKGKWKGPPG,31
Q9H694,NTQIAWPSKLKIGAKSK,93
Q9Y4K4,LTTKIPDTKGCHKCCIV,620
P49792,SNQAVRIVKEPTSHDNK,1324
Q9P2B4,NKAAEEGQKAGELSLKL,199
P55265,ETAKNYFKKGLKDMGYG,1201
P78559,QEEHVMKEKELVPEVPE,593
Q9Y4W2,SSSFGSEAKAQQQEEQG,551
Q8TDD1,RGPERRGGKRDRGQGAS,799
P15170,FIGHVDAGKSTIGGQIM,87
Q5VYK3,SSTQEGVRKKVMELLVH,56
Q99570,GMTEEEEDKLLALKDFM,786
O15270,PEVIALKKKYKAYLYLD,336
O14727,LSILQKDVKVPTKVLCI,394
Q3YEC7,CKKRGDGLKMENDPQEA,115
Q9H0A0,GGWLAAFWKDFRRRFLA,769
Q8IYT2,NLDSKFRPKQQYSCSCH,540
Q9Y6U3,AYLVLHTAKTSRGFTYH,53
P36543,NLMNQARLKVLRARDDL,82
Q9Y6N5,GITMAARMKRKVGAENV,63
Q3YEC7,DTTPARDEKKVGAKAAQ,414
Q6P158,SKRYDWQAKSVHAENGK,512
Q9UPT5,LGSMAKIQKAVEYFQDN,121
O43159,RGFQSQVKKWPLQPVDR,290
Q8WXH0,AVQGVRQRKGDVDGLVR,5692
Q15021,VLREEQEHKTKDPKEKN,962
Q27J81,PDSDDNKTKKLCVIQXX,1243
Q92538,LECIGSGVKPPAALQAT,1278
O95155,HREMLKRCKTQLKKLVR,817
O00471,KEAKEFAKKVQELQKSN,81
Q9H6D7,AWKEVRLHKTTWLRSEI,75
Q96JI7,TFLVQELIKSKTPKQLI,1222
A6NHR9,KNLKLIEEKLGMTPIRK,1958
Q9NRN7,IPEFFHIMKRKFTNKEW,149
Q5VW36,EPEEVQYKKSTAWLWVR,930
P46940,HALSLYLFKLGLAPQIQ,161
Q86UU1,MGGKIKSWKKRWFVFDR,1274
Q86UP2,LNDQNKALKSEVQKLQT,711
Q86TI2,PHALQPGKKHPTVLFVY,636
Q9BYT8,LEKSIKMGKRNGLHLPE,174
A6NHR9,RTVAEKAVKKYVEDEMA,679
Q7L1W4,HLALPWYSKYFPYLALI,163
Q9Y4F5,PGDDRHSTKSDLPVHTR,339
Q9UPM8,GKEGYLPKKESKTGDES,719
Q07157,MMRQNHVLKQPAVSHPG,1020
Q8IZL8,KPSAPKKLKLDVGEAMA,498
Q9P2E9,RESEEALQKRLDEVSRE,882
P55265,TTLLECMHKLGNSCEFR,625
Q9BQS8,LQEELSQAKCSSEEAQL,881
P22059,YKALWFERKKDPVTKEL,775
P13807,RTLDSMNSKGCKVYFGR,97
P78524,GNKMKFLHKKNXXXXXX,1135
Q6ZNE5,HILDVNLPKKLCNSEFC,327
Q9UQ90,IDEIDAVGKKRSTTMSG,415
Q14192,CDCKDLSYKDRHWHEAC,57
Q7Z6Z7,MAARIKQIKPLLSASSR,1050
Q13191,HDLPLEGAKVFSNGHLG,653
Q6P2Q9,LSEAWRCWKANIPWKVP,721
O75533,RKIMKLLLKIKNGTPPM,503
P19367,NKEGLHNAKEILTRLGV,353
Q9NQ66,LEKAYTKLKLQVTPEGR,160
E9PAV3,PAATPPSPKGGPATPSP,1091
O75879,MIKEILEKKLSLXXXXX,554
Q8TDB6,VLLLKSLGKERKHLHQT,460
Q14320,NTMQQFLQKALEILRKD,229
Q5JTH9,EDVIIRNKKHQKLKHQK,1191
Q14997,EFTARILEKLKPLMDVD,1540
O76024,FEEVLERAKAGDPKAQT,96
Q9H7B2,HEKKSKRIKKNXXXXXX,304
P61764,SKRMNTGEKTTMRDLSQ,321
Q0JRZ9,QKMTETAQKFQDIEETH,201
O00139,LQQQELREKRAQDVDAT,183
Q13426,ESCYFFFEKNLKDVSFR,99
O15382,LEMTQKPHKKPGPGEPL,47
P22830,SPIKIWTSKQGEGMVKL,138
P78527,SSLFSGILKEMDKFKTL,2818
Q5JRA6,DTEYYAVGKEDEENQED,316
Q08209,ARKEVIRNKIRAIGKMA,399
P55265,DSSALNLAKNIGLTKAR,320
Q16531,EATADDLIKVVEELTRI,1131
Q92540,SMFNEVYGKNLTSSSKA,956
P42694,CEQACESLKRQDYEMAL,18
Q9Y3Y2,XMAAQSAPKVVLKSTTK,8
Q2TAL8,AAVKLEDDKEKMVGTTS,358
O95299,VDGNICTGKGKLAKEIA,70
Q08209,WALKILYPKTLFLLRGN,142
O00410,IGLAVGKEKFMQDASDV,572
P07814,HYQVNFKGKLIMRFDDT,231
O95678,QQNKVLETKWALLQEQG,180
P62333,LYGPPGTGKTLLARAVA,180
Q69YN2,RYHFAALEKTYYERLPY,199
O60841,TGKTKILDKLRHTHVQD,650
Q15019,ESDEDEDFKEQTRLLKA,225
Q9UPM8,GLKETNSLKLEGIKKLW,702
Q13555,RVWHRRDGKWLNVHYHC,541
P31937,GFGTTLMAKDLGLAQDS,284
Q9P2E9,KLLSLTQAKEESEKQLC,1049
Q8WXH0,EPQLAEMIKQFQSTVET,5803
Q3YEC7,SKHKKSKDKEEGKEERR,681
Q13627,VAIKIIKNKKAFLNQAQ,193
Q13555,SVVRRCVKKTSTQEYAA,34
Q13439,QKEKQFNAKMLEMAQAN,1002
P19447,IVLPCGAGKSLVGVTAA,346
Q9UM54,RKQEEEERKKREDDEKR,972
P07814,SLKAEYKEKTGQEYKPG,794
Q7Z4V5,SKADSDGAKPEPVAMAR,244
Q9P2K8,YEWVLQWQKKMGPFLTS,319
O95425,RAKLSVAAKRLLFREME,697
O14727,LKLWDLNQKECRNTMFG,733
Q13439,EVDLNKSLKENTFLQEQ,1148
Q5SRE5,ILQLSNFMKEWHFHLPQ,1464
Q8WX93,AYFPPVFTKELQNTAVA,445
P20810,CKKAASSSKAPKNGGKA,684
P46940,RNMRAVTDKFLSAIVSS,1144
Q96TA1,QRVLERVLKKYDYDSSS,478
Q8IZL8,RACGSLKGKLASFFLSR,216
Q8N9R8,MDVVKDLVKELSDEIED,203
Q7L1W4,LYVVQTVIKTAKFIFIL,315
Q13439,VENLEADIKRSEGELQQ,787
Q14669,DWAARFSPKVSLPKTKL,269
Q9ULH1,QQPSEVTLKSHPLDLSP,1020
O14832,LIHGSGQNKTQGFRKAI,270
O60934,NYFQPSTKKRERDEENQ,465
Q9NZM1,LRWVTFLLKIYRAEDIP,363
Q9UDY4,KAYRKQALKFHPDKNKS,30
P06737,AKIHSDIVKTKVFKDFS,465
Q9H845,AGTEEQKAKYLPKLASG,164
Q8WXH0,KKAQLKIYKKFLKKAQD,2186
P78527,ELYFQLKSKDFVQVMRH,2418
Q9UI10,AGETPSGVKRLPEYPQV,142
Q9UIG0,GKHSDKPLKAKGRSKGI,403
Q7L1W4,FDTLPLEVKEALNQDIN,843
P78559,KIKQRADSKESLKATTK,320
Q96IZ0,RKGKGQIEKRKLREKRR,153
Q05823,TALMDAAEKGHVEVLKI,178
P60891,YARQDKKDKSRAPISAK,102
O60841,LRVKNQYEKHKEVEAAQ,921
Q8WVM0,DVLTFKVEKAFSESLKR,119
Q15397,FQPANKFNKKRKFQPDG,90
Q9P2E3,SANVYDLAKNFNLEVSL,1047
P16070,WLFLPSESKNHLHTTTQ,255
O95071,LETAQKIAKAEISSSEK,1141
Q96JH7,TGKDGHLNKPICIAWSS,341
P19447,TEYLRKLSKTGVPDGIM,145
Q9H9A5,NEAMESSGKRAPQCYPS,628
Q8IWR0,TKHEFEDNKCLVHILRE,607
Q9UPN3,FSIDIIRHKDSMDELFS,5725
Q86UP2,ELQNLLKGKEEQMNTMK,872
Q9UIG0,LSGSPLKVKNSKNSKSP,354
O94916,TEGSRGSVKDRTQQGFP,306
O00499,LRTYLASVKAMHEASKK,73
Q8TB22,ATNGAKFLKRHMFDVAS,540
Q9UPA5,HPAPSVPEKSMADAAPP,1926
Q9P1Y6,SPERDFPLKPALPPASL,1306
Q96Q42,RIPNKAMNKEDHYVGHW,1096
O95155,QLKKLVRCKACADAGLL,827
P42680,KERLFVLTKSMLTYYEG,35
Q96MU7,YDIHNSRKKPRIDYPPE,548
Q99973,ALYASSVPKEEQKLPEA,1593
O75962,LQVTVNVIKEGEDLIQQ,729
Q9H792,EIITATQYKKCDEFQTG,1588
Q13085,PKLPELLLKNGIAFMGP,224
Q9BZE4,MLEIRQLAKQIREKKKL,485
Q8WWI1,LRDRVCSKKDIILRTEQ,58
Q8NCA5,PKRSVLSPKTTISVAHL,261
P36776,QEQLKIIKKELGLEKDD,405
Q16850,RLTTPVFGKGVAYDVPN,141
Q9Y3C1,AKGKTRRQKFGYSVNRK,12
P23634,DDFLCLEGKEFNRLIRN,725
P42356,REDISIMIKFWTAMFSD,1409
Q9H3S7,QQLLDRELKKKPPPRPT,713
Q9UPN3,AKTNRADPKKSASRPGS,7306
Q92878,IDQCSEIVKCSVSSLGF,1301
P42356,NLCIKLSEKLQSKTSSK,465
Q7L8L6,QVSQDLMQKLESLILKY,301
O75400,AKSMWTEHKSPDGRTYY,150
O94832,HLYKMDPTKQYKVMKTI,891
P33992,TIMGIYSIKKFGLTTSR,272
Q9Y263,GANQQTSGKVLYEGKEF,393
Q14974,KEEPSNNVKLAATNALL,191
Q92466,PKKRPETQKTSEIVLRP,11
Q8IVS2,AQQLVSPVKWEQTMHAI,325
Q9Y6N5,ETFPFDQSKERLSMYLM,409
Q16666,LKEKFNGKKIIIISDYL,257
Q9HB90,TLFLESTNKIYKDDISN,98
Q92805,QQLSIDLQKVTAETQEK,281
Q9BSJ8,WVSFPDVEKAEWLNKIV,138
Q13085,DPFFSSKVKDWVERLMK,879
O95299,QFRELPGRKYSPGYNTE,338
P35659,LMHPKPSGKPLPKSKKT,191
Q16585,GVKSLNVQKASTERITS,202
Q14203,VRLSLLEKKLDSAAKDA,979
Q96SI9,DKDPNKKMKRNLRKILD,374
Q5TC82,LDELHRRRKEIMAQLEE,759
Q00341,QITITGYEKNTEAARDA,1108
Q8WXH0,EQKIERLLKCASEIHMT,1031
O60645,MNSFLSRYKDEAQLYKE,477
Q9C0D5,STLNSCVSKTAANKSPC,201
Q13428,DPDGKQEAKPQQAAGML,1248
Q5VZF2,PGALHPLPKRQALEKSN,280
P42285,PVIIFSFSKKDCEAYAL,396
P78559,SKLEEKKDKEKKEIKKE,418
Q13085,TAIPCANHKMHLYLGAA,1400
Q86XL3,FAGPLSPAKAEDFRKLW,531
O14727,GARIMVAAKNKIFLFDI,818
Q15746,DVFTLVLKKVQPWHAGQ,783
O14617,KEERTKGKKKSKKQPPG,889
Q13155,FLFSLFGQKHNAVNATL,224
P78527,TVRNAKKIKYFEGVSPK,681
Q9HAU5,KEYFTSLTKHLKRDHRE,365
O43683,KPQSGAEIKEGCETHKV,424
Q9NVP1,GGFGYQKTKKVEKSKIF,647
P23443,TQEARDLLKKLLKRNAA,325
O94855,TNVYDSLAKDCVAHGCS,623
P04114,MDEDDDFSKWNFYYSPQ,4021
Q13546,VLWAIFANKEPYENAIC,225
P42285,KGPPGSADKAGKRFDGK,43
P48426,SYDKRYIIKTITSEDVA,145
Q86XL3,QDLTAKLRKAVEKGEED,315
Q14914,TTHSISDGKDLEKLLTE,100
Q5THJ4,FDTRYAGQKTSPGMTNV,2350
Q13523,ELMQKTGLKELEFLKKL,731
Q460N5,AVSMGTVLKTSSWNLDC,1078
Q9H792,KEKEREKGKLVGLDGTV,951
P56192,GTVSPLFQKLENDQIES,804
Q14161,TVQEFMEVKNALVASEA,434
Q9H6D7,QEVEEQLKKKCFTLLCY,174
Q9H7D0,YRGYTLQNKSKKGIFPE,53
P78559,SAVPATSGKVYGTPETE,800
Q5SRE5,VSGKSTAKKVYSFLDKM,463
