P15170,KKVGFNPKKDIHFMPCS,254
Q9UHB6,TSIKDRMAKYQAAVSKQ,273
P14625,TLQQHKLLKVIRKKLVR,458
Q15428,DFQHRPGGKTGSGGVAS,10
Q9NZJ4,PSQDGRLVKSSILVFDD,3918
Q6PJI9,VVLEFQWRKQKEGSKDY,292
Q14008,EERIKRSAKRPSAAPIK,1425
Q9H444,GAGGGKAGKGGPTPQEA,17
Q969G3,AYLAYINAKSRAEAALE,146
Q9ULH1,YVDHRFSRKTCSTSSAK,555
Q15306,GLVWENEEKSIFRIPWK,47
Q9NZJ4,GLKVSCFEKLQTTLRVK,4052
P61764,LDTLKKLNKTDEEISSX,587
P46821,KEPKKEVKKETPPKEVK,702
Q7RTV0,XXXXXXMAKHHPDLIFC,3
Q9NV70,NVCKAGKKKKNCFLCAT,33
Q13362,FDDCTQQFKAEKLKEKL,413
P42285,PVIIFSFSKKDCEAYAL,396
Q14997,GRWLNKLMKLLQRLPNS,355
O43683,VKNEGGECKPEGLFRRL,1014
O15382,VVERTITMKQLLRALEE,321
Q16585,HESGLLRFKQVSDMGVI,111
O95202,EGVDSLNVKELQAACRA,373
Q14683,ALDGTLFQKSGVISGGA,648
Q7Z6Z7,PGAEVKIEKRTTSNTLH,214
Q96KR1,VSITERALKLVSDSLSE,756
Q96Q42,KDSREEQVKQESMQGKK,455
Q8NHP6,HNIVDETLKMLDESFQW,63
Q00341,QITITGYEKNTEAARDA,1108
Q01085,WATTPSSQKKDTSNHFH,90
O75475,GDLIFAKMKGYPHWPAR,16
P43243,KVDLSEKYKKLVLRIPN,573
Q9Y6D6,KTYGHTYEKHWWQDLFR,1421
Q9P2E3,EEIEIIKEKIQGSAGEI,1649
P46940,ALINAAIQKGVAEKTVL,401
Q495M9,SVPLGPRKKILGAVRRR,438
Q12923,GILLGVCSKGVLVFEVH,800
Q99567,PVKLHRDPKCPSRYHCT,400
Q13362,LPQDPHTKKALEAHCRA,507
Q14320,EKDESHAGKVVLRSWYE,305
Q6PI26,WIQKVKSKKLAALAEAL,397
O75643,PKMGKTIHKYVHLFPKL,1176
Q96DI7,DSETGERVKRLKGHTSF,145
Q8WXH0,CGSDLPLHKMAIQGFHL,1243
Q9H792,RRAADAKPKRWISFKSF,923
Q8WWI1,VFERTCPSKEKSNSCRI,620
Q9NUU7,INFDLPVDKDGNPDNET,413
Q86TI2,PHALQPGKKHPTVLFVY,636
Q86V48,GTESGLKGKVEKTTRTF,503
Q8N9R8,GRTFDVYTKLWKFQQQH,100
P54886,DEILLANKKDLEEAEGR,409
P17844,RQLAEDFLKDYIHINIG,295
Q9UP95,IEGVVLRDKYGDGVSRN,485
Q9NZJ4,FLVMNVVPKAYATLILD,503
P14625,GLFDEYGSKKSDYIKLY,404
Q96DA6,GRYVLQAMKHMEPQVKQ,27
Q92797,KCDMKSIIKATNLCFAE,964
Q9BZF9,NKQENDKLKKEIFTLQK,1034
Q9NZM1,DLKAMNPLKAKTASLFE,1934
O94874,DDTQAALTKHLLKSVCT,571
Q96AG4,KQCKQCANKVLQHMKAV,143
Q8NEZ3,KIDAKYKKKIEGMVRRP,1233
P0CB38,LKQMFEQLKRERIRGCQ,283
Q9P2J5,ELGSMPELKKYMKKVMP,983
P0CG47,IFVKTLTGKTITLEVEP,87
O60841,XXXXXMGKKQKNKSEDS,4
P49916,DRPLCERRKFLHDNMVE,615
Q8TDW0,KSLKILSIKSNVSKIPQ,550
Q14669,LNRGSQALKFFNTHQLK,1259
Q7Z3J2,LFMGSEKGKAGTATLAM,146
P50454,KAVAISLPKGVVEVTHD,308
Q5SW79,TSGCGIDAKQVEEQSAA,217
P14735,FSKFGTGNKYTLETRPN,223
Q9P2E9,SSEAEVRSKCEELSGLH,932
Q8N5C6,FINREQLKKVKGLGPKS,750
Q07955,NLPPDIRTKDIEDVFYK,30
Q86YV9,LIWSPGKGKVMVAAPRL,225
Q99590,EISENILEKGGDPLEKQ,518
Q12974,NPTNATLNKFTEELKKY,29
Q5VSL9,RQWRKSNMKTMSAIYQK,734
Q9Y2U8,FDGKLVTVKYLRLDRYH,864
Q9UIG0,PLKAKGRSKGILNGQKS,409
P67936,ERTVAKLEKTIDDLEEK,215
P26640,DVAVAVHPKDTRYQHLK,552
Q9UH65,SLPDKDGKKCLFLVKCF,272
P54886,TSGAVAFGKQRLRHEIL,124
P43897,LETCGGDLKQAEIWLHK,76
Q96P48,GAPARVMTKKEEPPPSR,248
Q12923,GSPNLTLPKESYIQEDD,2039
Q5TC82,LDELHRRRKEIMAQLEE,759
O95678,QQNKVLETKWALLQEQG,180
Q7Z2Z2,MGVCFVLEKWDLSKFEE,896
Q8NCA5,SLTSGDVTKRLLIQKNC,100
P26640,VVPLCNRSKDVVEPLLR,667
P42680,RGHRLYQPKLASNYVYE,588
Q7Z6Z7,MHDCVSVVKVSIVNHLE,2671
P23443,VLGKGGYGKVFQVRKVT,104
Q9NRW3,KRRSVVSWKTGVFRNQV,51
Q9UPN3,NKHLMKVRKHINDLYED,97
Q6PI48,VLATYGTDKPDTRFGMK,332
Q9P275,XXXMPIVDKLKEALKPG,6
Q9H270,DYLVQKLQKQSQQIAQD,781
P55786,KHGRKAAWKFIKDNWEE,829
Q14344,QRKSKEIDKCLSREKTY,36
Q7Z7A4,GPDKYLSDKDFQCLIKL,192
P42704,IACRLNQKKGAYDIFLN,1049
Q13045,TFTFSLQKKFESLFPGK,1007
Q96KP1,PHRVAFVEKLTKLVLSQ,454
O00410,SVADTAEEKFVPYYDLF,526
P36897,RLTALRIKKTLSQLSQQ,490
Q9HD20,QVFARVAPKQKEFVITS,843
Q9BXP5,VERDEKLIKVLDKLLLY,607
P11413,YGNRYKNVKLPDAYERL,432
P78559,KESLKATTKTAVSKLAK,328
P04114,VTKSYNETKIKFDKYKA,3227
P49754,HLKKDSQNKTLLKTLAE,508
Q9UGI8,MEDKSAEHKRTQYSCYC,230
P49257,IKEHLHIVKRDIDNLVQ,447
Q12931,DVLQQRLIKFFIDQSKK,424
P27824,AKHHAISAKLNKPFLFD,134
O14727,LSILQKDVKVPTKVLCI,394
Q9P2E3,VSKASDFQKVPEGGCSL,1282
Q7Z6Z7,ADCRALIDKLKVCNDEQ,25
Q12888,GAAPDVDDKLCLRMKLV,984
Q14192,PGTRKMEYKGSSWHETC,118
Q9UPN3,QVEQIGENKYRFGDSQQ,7148
Q15397,KQFTGKSTKTAQEKNRF,15
P42694,LCSIGRCRKFWERFIAL,1062
Q9P2K8,SNSLCRLYKFIEQKGDL,1259
Q86UP2,KDRIGTLEKEHNVFQNK,385
Q9NWH9,SNTKAADLKNLFGKYGK,401
P55809,KCTLPLTGKQCVNRIIT,463
P35659,DEPLIKKLKKPPTDEEL,317
P67936,NSLEAVKRKIQALQQQA,13
P60891,YARQDKKDKSRAPISAK,102
Q16666,LHKKTVNQKTTIYEIQD,330
Q14008,FEALGTALKVVGEKAVN,468
Q7Z4V5,NTDVVATLKKIRRYKAN,524
P14735,NAVDSEHEKNVMNDAWR,192
Q9NWX6,NNELPMYRKGTVLIWQK,237
P16260,GGIAGCCAKTTVAPLDR,51
O15357,KEKDRTQRKDFIFVSAR,391
Q16822,KDVARVESKTVIVTPSQ,108
Q04721,YGEKSAAMKKQRMTRRS,1601
P60891,VSPDAGGAKRVTSIADR,176
Q969G5,HGLLVARGKLHVLLFKE,121
Q2M389,RNPFKVGMKDLALFFSL,705
Q86XP3,LEEKDKERKNVKGIRDD,142
Q13085,TAIPCANHKMHLYLGAA,1400
P31937,AQDSATSTKSPILLGSL,297
Q9P2J5,DIAALRDLKKKQALRAK,407
Q5K651,KFRAKTNKKEREGPKLV,387
Q96JI7,YFEVLMRKKLDPSGTLK,2192
O43150,AEIAEEMEKERRFFQLQ,189
Q00613,LLTGSEPPKAKDPTVSX,522
P57105,SGIYVSRIKENGAAALD,48
Q9HAU5,GDEAEDLTKKLLDEQEQ,545
Q27J81,GRASKGTGKRRKKRPSR,1220
Q9Y6N5,DRTISVIMKNQTPTKKY,365
Q9NZM1,SVVIKNLKKTPNFPSSV,1348
Q5VZF2,HPPAHLQAKIKAAQHQA,243
Q9BW91,WVDINDKLKLYASHSQF,319
Q9P2J5,QNYEKMMFKEALKTGFF,818
O15173,EWEMQFKEKYDYVGRLL,193
O60841,TGKTKILDKLRHTHVQD,650
Q6NZI2,SKLLEKVRKVSVNVKTV,116
P46060,MVQQDYFPKALAPLLLA,553
O94804,EKLPRQQRKESMKQKME,677
P11940,VMMEGGRSKGFGFVCFS,333
Q9UDY4,IIKDKDHPKFKRDGSNI,242
P49792,KTPEKAKEKKKPEDSPS,2620
Q10713,HIQTALSSKDGRLPRTY,513
Q13200,VDVVGQAGKPKTITGFQ,858
P16070,QEMVHLVNKESSETPDQ,715
O15084,SADVNARDKNWQTPLHI,105
P43243,KKKLKKVDKIEELDQEN,719
P19623,QQVAQMQLKYYNSDVHR,277
Q8NFX7,PEFINCQSKIMGGNSIL,147
P78527,NMLLLKMNKDSKPPGNL,3672
Q9C0F1,KRLDCLEQKMKGKVMVD,264
Q6PKG0,RTPRTPQLKDSSQTSRF,792
Q9BZQ8,NSKNYLIGKIKAMVAQP,326
Q13459,ASCRVTATKDSTTSDVI,40
Q15477,KVLRVNGEKILEDFSKR,939
Q99973,CLRTAMTDKFAQFDEYQ,368
O95347,ESKRKELEKNMVEDSKT,336
Q9H2U1,VIEMMEDDKVDLNLIVA,469
Q13546,VLWAIFANKEPYENAIC,225
Q86TV6,ATIPLLAAKLCMGSLHW,439
O15173,ATSLPRMKKRDFSLEQL,100
Q8TCS8,IQQASVAKKEILQIMNK,583
Q8N3C0,MKQYRREEKRIARREKK,345
O75879,MIKEILEKKLSLXXXXX,554
Q13428,EGGDQSNPKSKKEKKKS,1437
Q9HAU5,PAEKTVKKKRPPLQEYV,767
P41252,PYPVSPSDKVLIQEKTQ,1051
P57057,TCLGNWFGKGRRGLIMG,186
P26232,MAAARGALKKNATMLYT,214
Q8N5C6,KLDTVQTLKTAKTKQKC,112
P00533,ASRALEEKKVCQGTSNK,29
P78527,IFLEKMGQKIAPYSVEI,99
P46821,VAAGKPKEKGKIKVIKK,779
Q92538,TGTEQFNQKPKKGIQFL,713
P29590,LSSCITQGKDAAVSKKA,394
Q96BY6,YMCVEFLWKSERYELIA,1822
Q9UPN3,DALTLFSSKQANEGKVN,3072
Q5JTH9,EDVIIRNKKHQKLKHQK,1191
P22570,GLYCSGWVKRGPTGVIA,400
Q9BUQ8,RDRKSSPSKDRKRHRSR,42
P78559,PQEPGKPQKDEVLRYPD,1134
Q16531,EATADDLIKVVEELTRI,1131
O94916,TEGSRGSVKDRTQQGFP,306
Q63HR2,HFLIETGPKGVKIKGCP,1209
Q8IZQ1,ARQGPSQLKRTCSIFAY,2603
Q8IZH2,IERCCTRYKIISLDAWR,630
P78559,VPTNLKPSKIKQRADSK,312
P49406,PVVQEPNQKVPVNELKV,214
O14802,DHRMGTSEKDRPCETCG,65
P49589,EMFLSETDKYSKFDENG,697
Q9BYB4,EVTIRPDRKILATAGWD,266
Q9H2K8,IELEKLAKKQVAIIEKE,514
P07814,VAWVTRSGKTELAEPIA,1109
Q00341,VPLEERKYKDMNQFGEG,90
Q9Y4W6,IFIGPPDIKGRASIFKV,481
P07814,DAKLNLENKDYKKTTKV,599
P42680,NLFESSIRKALPPAPET,155
Q9Y4I1,MCHWLCHRKLATATETY,379
Q5VTQ0,SSSTKVDLKSGLEECAV,133
O75643,DDAIVSQKKADEVLEIL,285
Q9H792,KEKEREKGKLVGLDGTV,951
Q9P0J7,LLTRLNDPKMSETERQS,300
P09936,KMSPEDRAKCFEKNEAI,131
Q9P2B4,NKAAEEGQKAGELSLKL,199
Q9UIG0,GKHSDKPLKAKGRSKGI,403
P23470,LAYDHSRVKLRPLPGKD,892
Q9UKV8,TDKNERVGKSGNIPAGT,726
Q96CV9,LMKKRLQEKCQALERKN,333
Q9ULJ7,KSGTAAPPKQMPAESQC,1320
Q8WXH0,TVVLWENTKALVTECLE,1520
Q7Z4V5,HSEIKFALKVDSPDVKR,487
Q7Z6Z7,NPNHLSYFKFVGRIVAK,4108
Q53LP3,SGSSSGRIKPRLNKIRF,469
P06737,FADYEAYVKCQDKVSQL,783
Q12906,PPDVLDRQKCLAALASL,202
Q9NZ32,IRYLVEKPKYKKALGTK,331
O95071,TLVKELQNKYTPGRREE,1412
Q14444,DDYQERMNKGERLNQDQ,84
O95453,GRKKAKKLKRMKKELSP,612
Q08209,LSTTDRVVKAVPFPPSH,19
Q5SRE5,SQIEAELNKHWRRLLEG,38
Q86UY8,KSSHGNTMKQFMDIFSL,213
Q9P0P8,XXMAMASVKLLAGVLRK,7
Q9H3S7,FHFQPAVKKFVLKNYGE,28
P34897,REYSLQVLKNARAMADA,356
Q7Z478,LAAKLLDAKEQAATFKL,275
P49589,YDKKTAIHKALCDNVDT,503
P35659,EEEEEEKEKSLIVEGKR,50
Q15021,HLILKDMVKVKGQVSEM,1126
Q5VYK3,DDIKESVRKAAELALKT,1222
Q96Q42,TFTPSDKLKVIQQTFEE,1573
Q2M389,KKEKEEETKTSNGDLSD,1155
Q99797,IAQEKALRKTELLVDRA,87
Q9H3L0,IEREVLLEKFINGAKEI,203
Q96GY0,KKPSNWRRKHEEFIATI,83
O43837,SVIGHLQTKGSXXXXXX,383
Q96P48,KEWPIKSLKVYLGVKKK,1343
P49916,ELYQLSKEKADFTVVAG,835
Q969Q4,AGKTTLLYKLKGHQLVE,31
Q99996,DHLLEDYQKKKEDFTMQ,289
P49792,VCQGGDITKHDGTGGQS,3129
Q96T76,VDSEVLSAKLDSLQTLN,275
Q5VTQ0,KDALQTCQKYRKKYTVV,205
Q8NHV4,VNIWDLKSKRVHRSLKD,109
P39019,VRALAAFLKKSGKLKVP,23
O00139,FDLLNRKTKLRVLEDGK,383
O14617,IIEVMSASKFTFKRIGY,87
Q13439,AEQKIAAIKKQLLSQME,1652
Q9Y4W6,IKGRASIFKVHLRPLKL,488
Q99973,ALYASSVPKEEQKLPEA,1593
Q5VSL9,PKGLPWAPKVREKDIEM,427
P78527,PEGWKLLKKDLCNTHLM,1361
Q13200,VVGQAGKPKTITGFQTH,860
Q15042,ISSVKKIIKQIISHSSK,809
Q96JH7,TGKDGHLNKPICIAWSS,341
Q96EY7,KFIINSYPKYFQKDIAE,126
Q0IIM8,IQTLEETTKQNVLRVVS,781
Q96JI7,ENCPFLEKKELHEAHPW,1025
Q460N5,SEALLEAEKQMLSALNY,590
Q9BQG0,VKDQEALMKSVKLLQAL,158
Q9NNW7,VQLQDRKVKYFNIKASF,153
Q96EN8,HNGVCLSQKQEPRLCLI,629
P55786,IGGVAGGSKHGRKAAWK,821
Q9Y2D5,DEEHLESHKKYKERKER,263
Q05823,EKHKKMKLKIGDPSLYF,684
Q15746,NAKPDENLKSASKEELK,1060
O00139,SGKNQDCSKGIYALAAR,336
P78559,QEEHVMKEKELVPEVPE,593
Q6P158,PFVSPWDKKEEANQKKL,1104
Q9UPN3,LRNLQDSIKRKYSCDHN,810
O60645,KASVEARLKAAIQSQLD,59
Q8IYB5,AVEFFIRDKYEKKKYYD,122
P04114,EGTTRLTRKRGLKLATA,3390
P46940,VVKEIMDDKSLNIKTDP,1083
P56545,ARGGLVDEKALAQALKE,279
Q6PJI9,PTTITSTMKAKLLKILK,458
Q8WVM0,DVLTFKVEKAFSESLKR,119
Q12931,IKFFIDQSKKDAEKYAK,431
Q86X27,TQLFYYAAKSLKATERK,499
Q9H0A0,KFIEGISEKTLRSTVAL,274
Q9P289,ATMLKEILKGLDYLHSE,130
P14649,NPTNAEVLKVLGNPKSD,107
P29558,VSTKAILDKTTNKCKGY,97
Q9HC36,KLKGVSLIKVKFEDIKD,167
Q07157,LRKSGKNAKITIRRKKK,103
Q9P1Y6,EEYKDILRKAVQKICHS,1598
P48449,KAVLLLQEKCPHVTEHI,470
O94925,LRTSDPRLKECMDMLRL,176
O75643,YMGCDQEYKFSVDVKEA,2121
P18206,IDSKLNQAKGWLRDPSA,281
O60645,DSTSFFTMKETDREAVA,13
P23786,DIWAELRQKLMSSGNEE,305
O15270,RLPEVIALKKKYKAYLY,334
Q07866,LTQDEIISKTKQVIQGL,27
Q86VP6,FTCTIKRLKAADIDQEV,577
Q9Y2R9,LMPEKLSHKLLEAFHNQ,208
Q96KC8,VTTKAKQLKDSVTCSPG,375
O15530,VDPVNKVLKGEIPWSQE,495
Q8IVS2,GRQLGAILKSCNMQAWK,359
Q13439,VENLEADIKRSEGELQQ,787
Q9UPA5,QLVSRQPPKSPQVLYSP,2789
P55265,TTLLECMHKLGNSCEFR,625
Q2TAL8,FSKVLRQTKKNPSNPKD,655
O43159,RGFQSQVKKWPLQPVDR,290
P46940,RSHKDEVVKIQSLARMH,811
Q9P2E3,IATSQERLKALLERKSL,1665
Q9Y4W6,ERVIGGLEKKTQVLQPE,558
P04035,SIRRQLLSKKLSEPSSL,501
Q9NUQ2,TRYNPEQTKVLSASQAF,183
Q14008,HCTASTLPKSLLKPFCA,434
P49792,AKLEQLAAKFKTPELAE,2125
Q8NHP6,KEDIESDGKETLETISN,276
Q7Z478,KSPNPSFEKVPVGRYWK,401
Q15257,NQGLIRMYKAECLEKFP,331
P20810,CKKAASSSKAPKNGGKA,684
P19447,DYRLQMPLKDDHTSRPL,68
Q8N556,QVKRKKSSKSEAKGTVS,309
P25445,YDTLIKDLKKANLCTLA,299
Q14444,TSHSGSGSKSSGPPPPS,13
O60934,DTDLKSIVKNSASKSHA,533
P78527,KQVSNMVAKNAEMHKNK,329
O00170,VKAYFKRGKAHAAVWNA,273
P82650,HKTYEDIDKRGKYDLLR,255
Q5JSL3,LYVYPLQLKYDSQKTFA,651
Q15746,DVFTLVLKKVQPWHAGQ,783
Q9P1Y6,NPSPLFSIKKTKQLRSE,820
Q96A49,NLNQEDLRKEMEQLVLD,292
Q5JPH6,LSEGLEGTKYSNVMKLL,480
P11274,SLKRMPSRKQTGVFGVK,1047
O60306,NPLIGRPNKVTTVDRFQ,1256
Q5T5C0,LFGESSSGKASRSLAQH,1072
Q14139,FDILLGRIKDLELCQIL,281
P04114,IPSPKRPVKLLSGGNTL,934
Q8NE71,SQEAPELLKRPKEYTVR,603
P18583,LGKNKEGNKEPILVDFK,2332
Q9P2E9,EPSSDLASKLREAEETQ,1113
O95202,EEKYVEESKASKRLTKR,603
P14618,ASRSVETLKEMIKSGMN,62
P14735,GNPKHPFSKFGTGNKYT,217
O00159,SINDKSDWKVVRKALTV,285
P34897,SMPYKLNPKTGLIDYNQ,200
P46821,GQVPTPVVKQTKLKQRA,531
Q6UXV4,ESLPKPKEKTKLGSSSE,198
Q8TAQ2,NVEEVTLPKTVNTKKDS,359
Q9NZM1,DTFKLYRGKSDENEDPS,1507
Q9P2J5,VKTEDIIIKDKAKGKKS,137
P41252,TDLLSLSGKTLCVTAGS,1150
Q99996,SKKQKKKRKTSSSKHDV,41
Q96J02,IMWFWQFVKEIDNEKRM,817
Q86TI2,RSIIHGSRKYSGLIVNK,43
P46063,CRDLIKILKQAEELNEK,501
P07814,MKEVAKHPKNPEVGLKP,535
Q9P0P8,RLNEEKLWKKSRTVKVG,177
P51948,VEIRKKVLKIYNKREED,80
Q9UIG0,LSGSPLKVKNSKNSKSP,354
Q14764,LSLSAGRPKRPHARRAL,506
Q15019,GSNQLIEAKGKKVRGRL,249
Q16222,QLQHHVAQKKIPYVDTQ,356
P26640,KFALRGLGKGFVPSPTS,966
Q86UP2,QEENKWKVKVDESHKTI,1167
Q96RF0,DEKAWKQGKRKAEKDEM,394
Q96RF0,QVPVHRRYKHFDWLYAR,314
Q6PKG0,KVVEIVDEKVRRREEPE,473
Q460N5,AVSMGTVLKTSSWNLDC,1078
O60264,PPPESAPSKPAASIASG,19
Q9Y6U3,AYLVLHTAKTSRGFTYH,53
Q9ULJ7,KLQHCLQEKSNCCNSAV,40
O75962,TSDNKIVLKASSIENKQ,1572
O15042,LESGKRPKKPGQSFQEQ,866
Q8WVY7,ENREENLLKISRRVKEY,117
P07602,GGFCEVCKKLVGYLDRN,414
P14618,IMLSGETAKGDYPLEAV,367
P30038,AKSFARIKKWLEHARSS,402
Q5W0V3,QEDFVYHWKAITHYYIE,31
Q69YQ0,TVTNGVKGKKSTCPSAA,75
Q8TCG1,TLCGDDTLKMHIAKILT,433
P22570,PLQVAFTIKELREMIQL,239
Q99996,XMEDEERQKKLEAGKAK,8
Q9NZ32,VSDLKRGLKIQAAKFNI,225
Q99996,SPQDVEVLKTTTELFHS,2673
Q8N392,PDANRDTLKALLEFLQR,455
Q86XL3,QDLTAKLRKAVEKGEED,315
Q9H2U1,LGKKRKMVKVYTKTDGL,858
Q8IWR0,TKHEFEDNKCLVHILRE,607
Q9NWH9,TDLRVIDLKSELKRRNL,31
P22570,FYTAQHLLKHPQAHVDI,59
Q9ULH1,QQPSEVTLKSHPLDLSP,1020
P55809,WMIPGKMVKGMGGAMDL,421
O75955,AACQMFLGKTEAEIAHI,91
Q99973,LVQRLHIHKPAQHVQAL,452
P42704,PRIHDVLCKLVEKGETD,864
P07814,KEKTGQEYKPGNPPAEI,800
Q9NQ66,LEKAYTKLKLQVTPEGR,160
P15170,MVDKRTLEKYEREAKEK,108
Q86X27,VLRRKTLLKEGKKPTVA,471
P23634,EVEQEKLDKIWPKLRVL,745
P06576,VLDSGAPIKIPVGPETL,133
Q86UU1,ESERLARDKNASLQLLQ,873
Q96BY6,LTETEDTVKTTRNMERL,349
P49754,CKQFVTGGKKLLLFERS,149
Q9H9A5,LKACKREIKSVMNTAGN,240
Q99797,DFEMIRGMKMKLNPQNS,343
Q9Y6U3,KKESLKSAKMYLETDPS,675
Q12906,ALASLRHAKWFQARANG,214
P55809,GNAHKIMEKCTLPLTGK,455
Q9H6R4,RPCRLLPTKNNVRSAWY,271
Q04721,DDEGPQPKKVKAEDEAL,1768
Q96EP5,RGFGFVKFKDPNCVGTV,59
Q5T2N8,MYLNEYVLKPATEGKRR,320
Q5VYK3,IADEEKSEKEECNLWTE,1500
Q04771,CFQVYEQGKMTCKTPPS,78
P78527,EIKSELKMKQDAQVVLY,2764
Q9H0A0,MRQLQKKIKNGTLNIKQ,81
Q03135,XXXXMSGGKYVDSEGHL,5
Q13586,SHRQKLQLKALDTVLFG,193
Q9BSJ8,WVSFPDVEKAEWLNKIV,138
P06576,HMGKLVPLKETIKGFQQ,485
Q9H2U2,TLNWFRLYKVPDGKPEN,242
Q15276,TAADHVEEKLKAEILFL,701
Q9NQ66,YKEMKDLVKRHHKKTTD,935
O76024,FEEVLERAKAGDPKAQT,96
P49792,DFAFGSKDKNFQWANTG,2868
Q14974,KEEPSNNVKLAATNALL,191
A5YKK6,AYGSPWCNKQITRCLIE,1708
Q96IZ0,IEDENEQLKQENKTLLK,325
Q8N163,IRLSAEQAKQLVSRVVT,742
Q14CX7,LKKRLETTKKLKIXXXX,968
O00203,YLTNSKQTKLLTQYILN,552
Q9HCE0,ESSEVSLPKTSREQEIP,41
O00410,ISAWARMCKILGKEFQQ,613
Q9P1Q0,VITAKNIIKQCVINKVS,414
Q9ULH1,PQLGDLPPKPQLSDLPP,974
Q9NQW7,CELFNWLEKEVPKGGVT,350
O95299,DIEYLKFDKGPWLKQDN,280
Q14444,RNLEKKKGKLDDYQERM,74
Q8TCS8,DFKIAGTNKGITALQAD,552
P31937,GLDPKLLAKILNMSSGR,242
Q0VGL1,HRGMNVPFKRLSVVFGE,64
Q00341,GARGKAIRKIMDEFKVD,1152
O14964,ALREEHREKLRRAAEEA,494
Q5JTH9,QALRTLITKGCQAEADR,671
P04181,LPVALERGKGIYLWDVE,66
Q08209,PPSHRLTAKEVFDNDGK,32
Q15746,IEERLGSGKFGQVFRLV,1474
P19367,QTVKELSPKCNVSFLLS,885
Q14019,XXXXXMATKIDKEACRA,4
O60841,KKKKDKKKKKGEKEEKE,321
Q13085,RLTFLVAQKDFRKQVNY,1334
P19447,TEYLRKLSKTGVPDGIM,145
Q9Y2R9,HQRTLMPEKLSHKLLEA,204
Q9HB90,DGSGSAYDKESMAIIKL,312
Q9P2E9,KSKLRELNKEMAAEKAK,728
P57057,YASFHLSRKPISIVKGE,40
O95453,EPCTGFQRKLIYQTLSW,211
O95347,LILSMLLFKPAPIYILD,1105
Q9NVJ2,LQWLIQHSKSRRSXXXX,182
Q9NV70,GDLDKAYTKLIRGVFVN,704
P10599,VGEFSGANKEKLEATIN,94
Q15276,AETRDQVKKLQLMLRQA,559
Q9P260,QCWEQINHKYPERRLLV,612
P54886,VGMGGMEAKVKAALWAL,311
Q9Y6N5,GITMAARMKRKVGAENV,63
Q9P1Y6,SPERDFPLKPALPPASL,1306
Q5W0V3,NKMKSLASKGVPNVISE,183
Q9Y2W1,GHRGFVPEKNFRVTAYK,519
Q9NW13,EGLIRAGTKAAEGVSAA,453
Q01085,KDMATGKSKGYGFVSFY,138
Q8WVM0,RLTDKIVRKAGNLTNAY,50
Q92878,KEIEHNLSKIMKLDNEI,264
Q8WXH0,LEAKKAAIKPLEQTECL,2473
P55786,RKAAWKFIKDNWEELYN,832
Q00341,QLLHLAEEKQTKSFTVD,723
Q8N3C0,TGDVTPDMKSIAKADLI,1416
O43395,AEISQAARKTGIHTSTR,361
P02751,VIALKNNQKSEPLIGRK,1981
O00159,GRRKAAKRKWAAQTIRR,781
Q9HCE0,ADFHHAASKALRVPAEG,1368
P46060,FLKVSSVFKDEATVRMA,481
P62333,AVRKVADSKKLESKLDY,378
P18206,DPKFREAVKAASDELSK,784
Q9NVP1,GGGGFGYQKTKKVEKSK,645
Q96AE4,DAGVRIQFKPDDGTTPE,312
Q96TA1,LFQHQEDSKKWRNRFSL,83
P14618,HEYHAETIKNVRTATES,89
P48059,ASATCERCKGGFAPAEK,14
Q6NUK1,YDCAKKILKHEGLGAFY,336
Q14145,VSIEGIHPKVMERLIEF,131
Q13620,IKNFKDKPKLPENYTDE,207
Q9BSJ8,PFLGQYMEKLLAETVAP,159
Q15717,ARPSSEVIKDANLYISG,104
Q8N5B7,AAKLANYAKYQRLCDTL,264
Q3YEC7,SKHKKSKDKEEGKEERR,681
Q15397,EHVGMKNLKSWASVNRG,591
P78527,RRFMRDQEKLSLMYARK,2738
Q9H3M7,RGKSLRVQKIRPSILGC,259
Q9Y617,AKGDDALEKRFLDKALE,318
P42166,DCKINLASKNKLASTPF,665
O00203,KSEAGIISKSLVRLLRS,337
P20936,ITLSNKTKKSKDPDILF,664
Q9P289,KFIVKNSKKTSYLTELI,280
Q15042,INFYHGGLKGVAHLWQE,475
P34897,THGYMSDVKRISATSIF,181
Q9NZM1,LRWVTFLLKIYRAEDIP,363
Q9NZM1,RDEPNMNPKLDLPNRPE,1995
O60841,GINIGPVHKKDVMKASV,1015
Q15020,EDWDIAVQKTETRLARV,568
Q69YQ0,IREELNQLKNENRMLKD,261
O75323,DIRNAAWHKHGWEELVY,255
Q13085,MHLYLGAAKVEVGTEVT,1409
Q8TDD1,VLFSATLPKLLVEFARA,283
P62318,XMSIGVPIKVLHEAEGH,8
Q8TDW0,LSIKSNVSKIPQAVVDV,555
Q6PKH6,AHVVVSSRKQQNVDQAV,63
O43414,FKQWINLKKAYSFAMGC,277
Q14008,FYDKIEAKKWQERKEAL,292
Q9HCE0,LRLSKMDFKSFGLFSKW,1912
Q9Y305,GSEPELREKYLTVQNTV,103
Q8IZQ1,KLDSKAIAKQLGISSHE,1353
P18206,KVGELCAGKERREILGT,316
O75400,AKSMWTEHKSPDGRTYY,150
Q15404,QISSLQKLKHLNLGMNR,89
Q92805,AEQVRNLQKIKEKLEIA,86
Q5JSL3,NTDSLVQEKKETVETAQ,282
Q6P158,TSENQEKVKALLRDLQE,112
P29317,YFSKSEQLKPLKTYVDP,583
Q9P2J5,MAERKGTAKVDFLKKIE,9
P18206,KRALIQCAKDIAKASDE,1020
Q13426,LVLNEKKTKIRSLHNKL,190
Q96JI7,FEEISKKYKQHQPTDMV,2386
O75534,RNHAIRIKKLPKGTVSF,412
P00533,LVKTPQHVKITDFGLAK,852
Q9H270,AVLKHIENKNLMPPLLV,748
Q16222,TKEFFTKHKYFGLKKEN,182
Q9UM54,EYLKAGSMKDPLLDDHG,307
O43865,VHRLYQLSKAGKLCVPA,267
P48059,TCNTKLTLKNKFVEFDM,288
Q14008,VSKVFNQPKAKAKELGI,102
Q5SRE5,TLEVSLRMKQNLHFTEA,1327
Q15019,AKADTLTLKERERLKKR,190
Q9BYT8,LRRLSKHYKDGSPIADD,550
Q7L1W4,LYVVQTVIKTAKFIFIL,315
Q9Y6D6,STSLDCLQKLIAYGHLT,105
P14618,XXXXXXMSKPHSEAGTA,3
A0PK00,ISKQKKHLKDLKLTLQR,55
P15735,FLVFDLMRKGELFDYLT,112
O75167,PLEEQAEDKKENTENHS,139
Q13555,LVEGMDFHKFYFENLLS,476
Q5K651,WGTEKFEDKMGTYSTIL,959
Q9H792,ADVAKSTPKSTPVRPKS,811
P43243,LKLAEPYGKIKNYILMR,522
Q96JH7,PKKNTELVKVMGLSNYH,118
Q96KR1,SSTAVSASKPTASPSSI,441
Q8N465,LRTLRGCSKVLLRPRTS,101
P23786,HEQLVALDKQNKHTSYI,104
Q9NVV4,CPEKISENKFLKYLSQF,90
O95299,QFRELPGRKYSPGYNTE,338
Q14344,IDKCLSREKTYVKRLVK,42
Q15643,EVSQLNTIKEHLEEEIK,905
Q8IY18,EKQLETSCKEKTEYLQK,230
Q86UP2,KLTDTLVSKQQLEQRLM,543
P27635,IPNRGPLDKWRALHSXX,208
P78527,KHFGKGGSKLLRMKLSD,3650
P78527,ELYFQLKSKDFVQVMRH,2418
Q12931,KPRYTLHYKTDAPLNIR,332
Q13685,EILDFALSKDASLVVTT,410
O75400,EDVLFFLSKKEKEQAKQ,517
P78524,RINSIYNAKRGKKRLKK,627
Q7Z478,AEQQNEEEKNENSKSLE,245
Q9Y2D4,KLYGTTTFKDARHAAEE,600
Q9BPX3,CLRALEKIKIQLEKGNK,891
P15170,MLAKTAGVKHLIVLINK,213
Q92538,GKDDVDNSKPGPSRPGP,1358
P49916,FSYFSRSLKPVLPHKVA,531
Q9H7D0,YLRFYGQSKDGDEFNNS,782
O43683,VSRLPSKPKEEVPHAEE,566
O94855,NDLRNDIEKKIGFDAIM,683
O95347,KEAGQRLQKLQEMKEKL,971
O00159,IICDLVEEKFKGIISIL,486
Q7Z3J2,KDAWASDQKVKALKIVI,204
P55265,DSSALNLAKNIGLTKAR,320
Q99996,SPSKKQKKKRKTSSSKH,39
Q86TI2,VNNSFKGIKYLRLNTLA,660
O75534,RRATVECVKDQFGFINY,682
Q12974,VDDWLNLLKTKFREEPG,86
P07814,DDTPAEQMKAEREQRID,300
P49902,ANMDKHALKKYRREAYH,25
Q3YEC7,VEVWDVVDKGKCKKRGD,104
P23919,KLLSSYLQKKSDVEDHS,59
P19838,NSVLHLAAKEGHDKVLS,624
P04181,HPKIVNALKSQVDKLTL,102
Q9BSH5,IRLLTWDVKDTLLRLRH,15
Q16222,KNADSQNGKDNPTTARH,415
Q9Y3Y2,NQLDAYMSKTKGHLDAE,226
P56192,PEAPKGKKKKXXXXXXX,899
Q14203,IKELKKSLKIKGEELSE,960
O94832,HLYKMDPTKQYKVMKTI,891
Q99570,ELQQLIQQKREQCNAER,951
Q96HY6,ESQREAEWKKEEERLRL,157
Q13501,GPVVGTRYKCSVCPDYD,141
Q9Y5B9,LNRSNPKLKDLYIRPNI,663
Q14008,KVELIHGKKAGLAADKK,504
Q9BUL8,KKEFVKYSKSFSDTLKT,172
Q00653,TVFLQLKRKRGGDVSDS,312
Q7Z2W4,IENSELLDKFTWKKSQM,770
Q9Y305,MSGPATLRKDYLVEPXX,433
P61764,SKRMNTGEKTTMRDLSQ,321
Q10713,NSGSRYEAKYLSGIAHF,103
Q8N3C0,LTGDMQLSKSEILRTQM,572
Q8NE86,LTYHVRPPKRDLLSHEN,164
Q9H2U2,SPFHDIPLKVNSKEENG,69
Q86XL3,TTRFIFEKKLAQALLEQ,105
P0CG47,NVKAKIQDKEGIPPDQQ,33
Q5JTH9,NLFTKFIRKFGFELVKR,1014
O60264,GPHMVLVPKSTLHNWMS,238
P98082,KEKKKGPEKTDEYLLAR,34
P42704,RIPKKLLQKVFNDTCRS,107
Q9Y6B7,QTDVLVRVKGPLLAACS,278
O75427,KLSALKARKNVESFLEA,602
P27986,KKISPPTPKPRPPRPLP,88
Q9Y4K4,PMVCVAISKGTESNQVV,694
O75962,SQLKKKVIKAPIEDLDL,269
Q8IY18,RVIQETRLKQIYTAEEK,610
Q9NQ29,QKILMEVEKVRAKKKEA,161
P49902,VDFKDTDYKRHQLTRSI,520
P56589,LLKNRPSNKLEIWEDLK,100
P10515,NKILEGRSKISVNDFII,473
Q9UIG0,QRKEYLKKKREELKKKL,550
Q16881,YRVALREKKVVYENAYG,274
Q9Y4W6,FVNFLKNPKQYQDLGAK,331
Q93086,KKREFYRDKKYEEVRGL,349
Q9NP81,RARGREIRKELVHLYPR,147
Q8NE71,GKGKTTLLKHIANRALS,347
Q8WWM7,ILKEEPKGKEKEVDGLL,579
Q9BZF9,TLKNQTLQKEIEKVYLD,717
P15170,TIAIGKVLKLVPEKDXX,493
P04114,PWEQNEQVKNFVASHIA,590
Q9NUJ1,PIRLLHGMKDDIVPWHT,248
Q9Y6A9,VQESSTDDKKPGERKIK,88
Q69YN2,LANVGNPEKKKYLYAFS,234
Q9BQQ3,LKLMVYNSKSDSCREVT,169
P50454,ERLEKLLTKEQLKIWMG,287
P48200,TCGILSGNKNFEGRLCD,611
Q13155,LKEGSSKEKAAVFRSMN,252
Q14139,LAFLTSEIKSLFVHPFL,865
P18206,NSKQSIAKKIDAAQNWL,387
Q92841,LIDFLESGKTNLRRCTY,313
A3KMH1,ETEFSIPHKISSDQLSS,1334
Q3YEC7,SMKNSFGLKYLHKFFNI,221
P36543,NLMNQARLKVLRARDDL,82
P30086,DYVGSGPPKGTGLHRYV,113
P06737,NYRVSLAEKVIPATDLS,656
P42694,KQQLVTTAKRWDSSSKT,404
O60762,IPEFIRKQKEGNFDIVS,136
Q92805,LAARSSQAKAINTLETR,347
P00533,SRGRECVDKCNLLEGEP,538
Q16881,IGRDACTRKIGLETVGV,449
Q8IZQ1,GSSIEEEEKTDNATLLR,2520
Q9H694,QPSKSVIVKSVERNALN,398
Q567U6,RKNEMLLSKVKAKASXX,625
P85037,LSLNRYFIKVPRSQEEP,365
P49821,SRGDWYKTKEILLKGPD,66
Q8WVV9,NGSNPYTLKLCFSTSSH,533
Q9P1Y6,RKRKTRRRKKVPGRKKT,345
E9PAV3,PAATPPSPKGGLATPSP,1229
Q14CX7,AYKYGAFEKIPEFIAFR,592
Q9Y4K4,LTTKIPDTKGCHKCCIV,620
Q15746,RLVEKKTRKVWAGKFFK,1488
Q5T160,EFSSPNVAKKFHVGHLR,138
Q9UQ90,PRDQHLFTKEQLFERMC,619
Q12802,SKKSKEKEKEKDKIKEK,1767
Q86VP6,KDLFTCTIKRLKAADID,574
Q5T160,YVTDKGQKKHFQQVFQM,352
Q12923,GCEEYCEEKVKSESLIQ,2129
P0CG47,NVKAKIQDKEGIPPDQQ,185
P09543,WRLDCAQLKEKNQWQLS,162
O75475,TLKKIRRFKVSQVIMEK,407
Q96DA6,IMLLNHPDKGGSPYIAA,93
Q13523,VNIGEVLDKRYNVYGYT,685
O75427,RYPQVPDEKDLMTQLRQ,538
Q9HCE0,IQLYEQVVKFLSEDNSD,1752
O75643,STDLKLLGKGNIIISTP,1421
Q9P2J5,EVNASNLEKQTSKGKYF,39
P52948,KPVWQLSEKKQINVCSQ,1413
Q5VTQ0,AGKSIPTEKFAVRKARR,514
Q8NHV4,KGTVAVQEKAGLPRSIN,371
P27797,DICGPGTKKVHVIFNYK,143
O60841,LSLEAQGIKADRETVAV,73
Q9NXE4,RKTDEYLEKALEYLRQI,660
Q9NYK5,KIEVKHVGKTDPGTVFV,72
A2RRP1,GDKTEATTKLHDMVDQL,1032
Q9Y6N5,KIGSNYSVKTVEKTWKA,173
A5YKK6,ELIKNPAFKFWNHEFVH,2336
Q7Z3J2,PENANDTAKETCLNWFF,274
Q9HB90,TLFLESTNKIYKDDISN,98
Q6P2Q9,MILRYVKAKADWWTNTA,746
Q96Q42,RIPNKAMNKEDHYVGHW,1096
Q96LW7,YYPQILTNKEAEKFRNP,46
O43159,RTFLRAVTKLGFKIVSK,409
Q9Y2A7,MEEFVPHSKSLSDALIS,201
Q5T160,SIKTTKELKNPQETAER,418
Q5SWX8,KEEQSENLKHPKAKLDN,58
E9PAV3,PAATPPSPKGGPATPSP,1091
Q14203,FAETKAHAKAIEMELRQ,567
Q9UKM9,TAVTTSSAKIKLKSSEL,179
O75643,ARSLQYEYKANSNLVLQ,14
Q9NUJ1,PDLPNLAYKKLKGKSPG,69
Q13838,LQQYYVKLKDNEKNRKL,270
Q96S99,LLGEGVLTKECRKKAKP,44
Q9NVJ2,LDEKQLIEKMNLSAIQD,146
Q96KP1,PQLSSGADKKLLEELLN,893
P78347,EPANAGKRKVREFNFEK,345
Q96KR1,EGGKDRALKGVLRVGVL,786
P34897,QDFKSFLLKDSETSQRL,474
Q9H792,RDSLAQHGKSPDLYERQ,1484
Q16881,RDNNKCYAKIICNTKDN,574
P20810,VPVESKPDKPSGKSGMD,146
Q9Y6K8,TQRRLMNFKQNAAPLVK,279
Q8TDD1,QQLKWDRKKKRFVGQSG,736
Q9BRJ2,SQVSIRRIKDYDANFKI,126
P17931,LQYNHRVKKLNEISKLG,227
O94916,PLIPSSMIKSEDVTPME,603
O15382,LEMTQKPHKKPGPGEPL,47
Q7L5Y9,KVQEYPTLKVPYETLNK,23
Q9HD20,DWTLTKDEKVFPRSIKT,607
Q05823,RNYDHSLVKVLLSHGAK,318
Q9H1B7,ILAGDVKVKKERDPXXX,791
P04114,LKLFLEETKATVAVYLE,2474
O95347,XXXXXMHIKSIILEGFK,4
Q9P2Y5,STSNELKKKSECLQLKI,236
Q9UKV3,QALRVTDLKAALEQRGL,81
Q9UHB6,LEEGIKMSKPKWPPEDE,553
P07814,ETIMKYAEKLIQEGKAY,282
P49585,HARALMQAKNLFPNTYL,100
Q86UU1,AEALETETKLFEDLEFQ,803
O75880,PGDSTRPSKPGPVSWKS,89
O43683,SSGAWGVNKIISSLSSA,518
Q96HS1,SGEEELASKLDHYKAKA,88
Q969X5,AWKKIQLGKMHXXXXXX,288
Q86YH6,LRERIKAGKGVTSAIDL,356
Q8WX93,AYFPPVFTKELQNTAVA,445
Q9Y3D9,PRVRYGKAKAPIQDIWY,57
O75400,DPRYSALAKLSEKKQAF,433
Q9BZF9,MSNQYVPVKTHEEVKMT,863
P35610,TFSVLEGEKNNHRAKDL,104
P62333,VVSSSIVDKYIGESARL,206
P82675,ASPRGPLRKDPEPEDEV,393
Q9UHB6,EVQQPVHPKPLSPDSRA,359
Q9BRS8,GRRHAATNKLSPSGHQN,360
O94804,KREQEMFFKLSEEAECP,940
Q9Y2D4,KVMVDNIPKLREEIKDV,189
P49753,LRASLRDEKGALFQAHA,104
O14979,GLSWDTSKKDLTEYLSR,162
Q9UI09,VGTLVGEDKYGNKYYED,43
O95159,GLCKCPKRKVTNLFCFE,10
P62854,VFDAYVLPKLYVKLHYC,66
Q9Y3C1,AKGKTRRQKFGYSVNRK,12
Q05823,FPQTHSPNKPQCDGAGG,724
P46821,EMYVLNPVKSSKEMQYF,429
Q9Y2Z4,AQKARGLFKDFFPETGT,49
Q8WXH0,IQERHSFTKEIIALKNF,3590
O00330,ATRFLKSFKANLENPIR,491
P14618,VNFAMNVGKARGFFKKG,498
Q5SRE5,VSGKSTAKKVYSFLDKM,463
Q5T1M5,ASDPSEKVKKIMNQVFQ,888
Q96BY6,VDGGKPLFKVSTFVVST,844
Q8IWR0,WQGHISSEKHKEKVFHT,880
Q13586,KEHMKKMMKDLEGLHRA,246
Q96BY6,RTVHEELAKNVTGLLKS,969
Q9BZE4,QIREKKKLKILESKEKN,494
Q9UPN3,FSIDIIRHKDSMDELFS,5725
P78559,SAVPATSGKVYGTPETE,800
Q9NRW3,PFKPWKGLKTNFRLLKR,175
Q96TA1,ELGPRLKGKPQERQRQW,260
P36776,DVVDEELSKLGLLDNHS,444
P82933,RSVTLESKKQLIEPVQY,254
P27694,TYNDESRIKATVMDVKP,588
Q8NE86,IAQAEMDLKRLRDPLQV,332
P46940,TELGTVDPKNKYQELIN,1475
Q05209,IGFGNRCGKPKGPRDPP,768
O95299,KLAKEIAEKLGFKHFPE,80
Q9UQE7,RQLLNERIKLEGIITRV,820
Q9Y6D6,QLSMKFLEKGELANFRF,1224
P10155,TALLRNLGKMTANSVLE,287
Q96SI9,DKDPNKKMKRNLRKILD,374
P04114,YHIRVNLVKTIHDLHLF,2224
P36543,RKQDFPLVKAAVQKAIP,145
Q13216,YGKVCNNSKKGLKFTVS,292
Q9BZF9,RKLLDVTQKYTEKKLEM,774
Q12906,SGPSKKTAKLHVAVKVL,454
P49792,SNQAVRIVKEPTSHDNK,1324
Q9BZE4,MLEIRQLAKQIREKKKL,485
O15091,HKACLPDAKTQRLFFKW,512
P22059,STCNDLIAKHGTALQRS,230
Q00341,YHPKIIGRKGAVITQIR,1071
Q96JH7,MGLSNYHCKLLSPILAR,128
P52948,XXXXXMFNKSFGTPFGG,4
Q8WWV3,QDASELVRKLGADDVID,246
Q92540,ITTLQGQAKNRANPNRS,77
P06737,DRIVALFPKDVDRLRRM,421
Q92797,NDSKITVLKQVQELIIN,56
Q16643,PDNPREFFKQQERVASA,295
Q15643,QLTQLINKKEIFIEKLK,813
O95071,EQPLHAMRKGLLDVLPK,2656
O43683,PSLDLLRQKLKKVFQQH,1053
Q9H270,QYGDHLYSKGNHDGAVQ,401
Q9UI10,AGETPSGVKRLPEYPQV,142
Q9Y263,LMLTGSADKTVKLWKAG,173
Q96FQ6,TGNRKAADKLIQNLDAN,61
Q9BXP5,EGDGDKEEKKEDSEKEA,337
O14727,AMLIKMILKKDNDSYVS,62
Q14008,DEKSPEWSKFLGLIKKF,48
P56377,LVQTVLARKPKMCSFLE,42
Q9BV44,AVLLTQDTKCFTKALSG,449
Q96J02,GPQKFCIEKVGKENWLP,858
P98175,HQQLSGLHKQNLEIHRR,785
P06576,YDVARGVQKILQDYKSL,426
Q8TDB6,CMDTISNKKVLPKCKHE,572
P32455,CSYIFSNSKTKTLSGGI,278
Q9NWZ3,IDPQEGWKKLAVAIKKP,34
P46060,ACFTLQELKLNNCGMGI,148
Q8IZH2,NKITRIDQKALYFCGFP,652
Q12797,PDVPADLLKLSLKRRSD,420
Q99704,VETAIHRQKAQGKAGQG,253
P51617,IIINPARQKMVQKLALY,668
P67936,EFAERTVAKLEKTIDDL,212
P78347,WYGIPRLEKIIQVGNRI,526
P78344,TRNVDVYDKRENPLLPE,187
P15170,LKKVGFNPKKDIHFMPC,253
Q9UPA5,ERERVELEKLRQLRLQE,2384
P29536,EAMLNFCEKETKKLMQR,74
P42704,TQVRRDYLKEAVTTLKT,1121
Q96FZ7,QDKAILQLKQQRDKLRQ,24
P09012,AMKISFAKKXXXXXXXX,282
Q9Y4I1,MAASELYTKFARVWIPD,9
Q9NXE4,HYSLEMYQKMQSPHAKL,320
Q9C0D5,STLNSCVSKTAANKSPC,201
Q16666,IVKVLSTTKPFEYETPE,214
Q14344,FEIKNVPFKMVDVGGQR,219
Q9C0D5,ATHITIEDKNETMCTAL,161
Q14997,KCCPEESLKLFVPHCCS,644
O60784,VLVRTILPKNNPPTIVH,106
P53582,FKGSWATHKLLHKKAKD,49
Q5K651,CQYDYFQIKMQNYNNKI,324
Q00341,VRIPPDSEKSNLIRIEG,477
O43683,IVGNPWDDKLIFKLLSG,745
Q13085,GGGGKGIRKVNNADDFP,323
Q8NE71,MLENASDIKLEKFSISA,305
O43683,KQKMDELHKKLHQVVET,298
Q12923,NASIVRVKKLFPGQPAA,1535
Q8IXI1,FAHCASVYKHHYMDGQT,509
O95139,FWNKFLENKSPWRKMVH,54
Q9P253,SYFEEIALKFLEARQEE,459
O95155,LNRTVEDLKNNESQWKD,794
O00203,NVKSGALSKYAKKIFLA,592
Q9NTJ5,QYAGTGALKTDFTRTGK,456
Q15691,LKKVKFQAKLEHEYIQN,66
P46063,LNEKLTPLKLIDSWMGK,514
Q9NRK6,GRYLRKLTKVTQDSLAQ,341
Q8NE71,SEEEEEEEKHPPKPAKP,148
O15228,RLGVVEKKKINNNCIFN,645
O60306,EDEDTEEAKTLIVEPHV,775
P0CG47,QQRLIFAGKQLEDGRTL,48
Q13439,NSEMEQKVKSLTQVYES,882
Q15397,KYSRNIVKKFLMYGSKP,221
Q14739,LELKENDIKPLTSFRQR,55
P27816,QNKKVDISKVSSKCGSK,1034
Q15031,LINNKACGKIPVPQQVA,852
P09543,MDLVTYFGKRPPGVLHC,244
P09382,KLPDGYEFKFPNRLNLE,108
Q99996,KLEVTKREKLELSQRLS,952
Q69YN2,DLNEKQGRKRSSTGRDS,301
P22059,ATGHHYTWKKVTTTVHN,576
Q9P2E9,GIIQDTWHKATQKGDPV,687
Q9NQ48,QTAAYRNMKEILTKKND,275
P55809,CVNRIITEKAVFDVDKK,473
P31949,LAAFTKNQKDPGVLDRM,55
Q9NUQ7,QFEPEEDIKRKFMRKKD,97
P07814,WDKIWAFNKKVIDPVAP,497
Q9Y606,FQRCARTDKGVSAAGQV,147
P0C7P0,VVALKTPIKVELVAGKT,48
Q96N67,HGELHEQFKRKTILTTS,1962
P06576,LFGGAGVGKTVLIMELI,212
Q7Z478,LQSTPKYQKLLKERQQL,564
Q27J81,TMVAPRARKEPKEITFL,625
O14802,ILTTESIMKKSEFLCCQ,954
Q9BSD7,EIRNRKDVKVFNVTKEN,165
Q9UDY4,KKGWKEGTKITFPREGD,213
Q9NX58,CNACGESVKKIQVEKHV,14
Q96SI9,KYSWSVTDKEGAGSSAL,347
Q9P2E9,LATAEQACKEKLLSLTQ,1039
P27824,GLVLMSRAKHHAISAKL,127
Q9ULC3,NEEAEALAKRLKLRFYR,141
Q99570,RHLHMRQKKRNGSLPDC,751
Q0ZGT2,APWFKKPLKNTSVVDSE,589
Q6P158,MQPKSAELKFVTKNDGY,1253
P15735,ELPDWAAAKEFYQKYDP,18
O43148,IALEDVPEKQKNLEEGH,137
P49902,ETREQYPNKFIQRDDTE,140
Q92878,KTTIIECLKYICTGDFP,50
Q14BN4,LKQCKNNLKLLREKGNN,790
Q9Y4F5,AEARAVSRKAANTATTT,1220
Q9BSD7,GTIPVPKGKPLALVEEI,150
Q14008,SKIGDKNWKIRKEGLDE,875
P46940,VDYYKSYIKTCLDNLAS,1532
Q13439,QKEKQFNAKMLEMAQAN,1002
Q96EY7,SPKDPDDDKFFQSAMSI,414
Q9BQG0,QKVPSKLKKLVGSVNLF,231
P78527,DTSTGHKNKEFVARIKS,3552
Q9NX58,ITIKKLRKKVLAQYYTV,335
Q96AG4,HLVKLDLSKNKLQQLPA,71
P0CG47,IFVKTLTGKTITLEVEP,11
Q9P2K8,YEWVLQWQKKMGPFLTS,319
P00338,TSEEEARLKKSADTLWG,317
Q8TDB6,KSGPRVRRKLESYFQSS,25
Q15021,LWATDYGMKSIVGEIVR,272
A2RRP1,TFSPKAVTKLSVEARKE,1908
Q8WXH0,AVCRSKSLKAGLDYNRS,4629
Q04837,PVLRQVEGKNPVTIFSL,51
Q7L8L6,QVSQDLMQKLESLILKY,301
Q9HAU5,RKKQEEQAKRQQEEEAA,110
P98175,KTINVEFAKGSKRDMAS,383
P09601,GLRQRASNKVQDSAPVE,243
Q13347,TTTSTRIGKFEARFFHL,264
Q9Y6D6,GNSWHEILKCISQLELA,1049
P49589,KGQAKKLKKLFEAQEKL,726
Q567U6,IVSVLPRMKCPHQLEPH,98
Q01469,TIKTESTLKTTQFSCTL,61
P41252,RVREELIDKKTESAVSQ,816
Q9UPN3,QISSSNECKEKSYQEVS,3174
Q96B97,PPPSAPVIKQGAGTTER,349
Q13085,QAMWALGDKIASSIVAQ,243
O60264,LPNAAQAQKEEQLKIDE,814
O75167,LSVNRENAKCFTTKEEL,399
Q5R372,LMEQACNIKVPTKKLKK,780
Q16134,ATNDVGIQKDGAPKATF,223
P41252,LKQSKHKPKFTFYDGPP,40
Q99996,LSSLQDLEKTKLEEQVQ,1333
P0CG47,RGGMQIFVKTLTGKTIT,158
P04114,DLSVKAQYKKNKHRHSI,3178
P04792,DGVVEITGKHEERQDEH,123
Q8N556,KDNKLIFHKDRTDLKTH,378
P33992,TIMGIYSIKKFGLTTSR,272
O76024,AKHPCHIKKFDRYKFEI,769
P00338,KFIIPNVVKYSPNCKLL,126
P23284,VEKPFAIAKEXXXXXXX,215
Q9P0P8,KLLAGVLRKPDAWIGLW,15
Q9ULH1,LQKVKKSVKAIYNSGQD,79
O95071,TELGGFEVKESKFRREM,2221
P78559,SKLEEKKDKEKKEIKKE,418
P02511,FSPEELKVKVLGDVIEV,92
P42694,AVLCCMQLKGKLQPVST,105
P54619,QIYELEEHKIETWREVY,113
P16070,WLFLPSESKNHLHTTTQ,255
Q8TEQ0,KCKKERKKKKKVTNIIS,260
P06737,SPKQPDLFKDIINMLFY,760
P46940,RRNLGSIAKMLQHAASN,1230
Q13838,RILALARNKSLNLKHIK,183
Q9BW91,AGDDAGKVKWVDINDKL,310
P15735,THRVRPLTKNALLRDPY,333
Q9NVP1,NLVNENTLKAIKEMGFT,192
P82650,ILEGTETTKYVFTDISY,155
P31689,AKKRELYDKGGEQAIKE,66
P04114,QIRIQIQEKLQQLKRHI,2265
P78527,DSKPPGNLKECSPWMSD,3681
Q5SRE5,KKVYSFLDKMSFYNELY,470
Q9HD33,VDSMDALDKVVQEREDA,144
Q16643,AQSEELCAKAPPPVFYN,615
P04181,DVVTAVRGKGLLNAIVI,374
Q9UQ90,AARVRSLFKEARARAPC,395
P84022,KSLVKKLKKTGQLDELE,44
Q9BUL8,LKTYFKDGKAINVFVSA,186
Q16531,NKVIKSVGKIEHSFWRS,1067
Q96SI9,GDDKDPNKKMKRNLRKI,372
O60306,KYWAPHIKKKSPFDIKV,37
Q5JRA6,DTEYYAVGKEDEENQED,316
Q99570,GIEASKLPKSPKIHPLQ,1078
P19367,SRIMHQTVKELSPKCNV,880
O75962,KDFLKYSKKASLDTSEL,2120
Q9NXF1,EDGSRLNSKQLNRLLGV,477
Q9P260,KIFTNTKVKPQFQEILR,879
Q6NUK1,GLFRRIISKEGIPGLYR,437
Q9P2E9,KGDPVAILKRQLEEKEK,699
Q9UDT6,TSHICEVEKEIALLKAQ,394
Q9UQE7,DVITAEMAKDFVEDDTT,1207
Q8NE71,TGAAAAEAKARRILAGL,430
P49023,AFCLKQLNKGTFKEQND,570
Q16850,PNPVFLEQKKMLKSGLN,156
P42166,LEDPSVLTKDKLKSELV,13
Q7Z6Z7,FGSKSASSKNKSEQDAQ,2272
Q96AE4,LRITGDPYKVQQAKEMV,243
Q14444,KLRNLEKKKGKLDDYQE,72
O94804,LNPMRVLLKIAKSDPPT,248
Q2TAL8,AAVKLEDDKEKMVGTTS,358
P09382,ANTIVCNSKDGGAWGTE,64
Q9H845,PDETLEKLKSLGLFGLQ,102
Q8WXH0,KSDVCMYRKNIYNVKST,572
P41252,TDFAGQYVKDADKSIIR,371
P26640,MDFGTGAVKITPAHDQN,591
P43243,KPDQKFDQKQELGRVIH,491
O00203,RQLIVPNVKSGALSKYA,586
O94855,KAVLHQPLKVIREILVN,803
Q14BN4,SSLEHLLSKSGGDCTFI,401
Q92878,KQNELKNVKYELQQLEG,461
Q8WXH0,NLKELQTMKADLTRHVL,5872
Q9Y6B7,LRSLEEILKQEGGVVIN,188
Q9P1Q0,DICHDRAVKFLMSRAKD,616
O75167,WARLTPADKAAIRKELN,604
Q15642,TKRWPFGKKNKPRPPPL,326
O60841,NEDDDASFKIKTVAQKK,224
Q15643,QKQLIAEWKKNAENLEG,1706
P09936,RKKQIEELKGQEVSPKV,71
Q14573,ESEEKLCIKVLRTLQQM,1664
Q9Y4I1,QRKVDEQNKDYKCLVEK,941
O00499,GSKGVTAGKIASNVQKK,13
P48059,EFDMKPVCKKCYEKFPL,301
Q9H6R4,MPREILQDKDGLNQRYF,192
Q9P2E3,HERCQQPCKRLLICSHK,1466
P18206,VSNLVRVGKETVQTTED,59
P17844,TCIYGGAPKGPQIRDLE,207
P22570,HLERTDITKAALGVLRQ,209
Q86V48,GISSTLPSKESRRKGGL,253
Q9Y4W6,LDSTLEKDKLARKLASL,504
P02787,LTWDNLKGKKSCHTAVG,466
Q96KC8,GIWFCLTLKALPHLIQD,236
P46063,KLIDSWMGKGAAKLRVA,522
Q9NYK5,KENLRSFTKDAHALIYK,204
P26232,KSGNEKEVKEYAQVFRE,415
Q01433,VLMSGFSHKVKSHWLGP,810
Q9UIG0,KRYELLEHKKRWASMSE,532
O75643,YGISHDDLKGDPLLDQR,944
P0CG47,TLSDYNIQKESTLHLVL,139
P43243,MAMVDHCLKKALWFQGR,554
Q9H0A0,LTAARGRGKSAALGLAI,290
Q5VYK3,TSRDSSTEKLLQKLNGW,1438
Q8TCS8,LVTKTDPEKGEIEDYRL,521
P78527,GKWKVPTYKDYVDLFRH,525
Q9UJZ1,AINVAEGKKQAQILASE,222
P07814,CNVVRWEFKHPQPFLRT,1156
O76024,KQGRREAVKLLRRCLAD,143
P29536,TDTKKDDEKVKKNEPLH,270
P23919,LLSSYLQKKSDVEDHSV,60
Q9HA77,EEKMSKSLKNYITIKDF,323
P19623,LCSHPNPRKVLIIGGGD,96
Q9BZF9,EKVTSILAKKGVNPGKL,56
P42704,NNIALAQIKNNNIDAAI,1189
Q9UPN3,HLWENLGEKIAHRQHKL,6210
Q08378,NLKWEVDQKEREIQSLK,1296
P13807,FQNLHAQSKARIQEFVR,301
Q9NUQ2,LGHVRYVLKEGLKWLPL,120
P42356,FWTAMFSDKKYLTASQL,1418
O14974,XXMKMADAKQKRNEQLK,7
P33316,GKEKFEVKKGDRIAQLI,213
Q12923,EKLDLSYIKEELPKLHN,744
Q9Y5P4,LNNRCVRAKINVAMICQ,548
P78527,TVRNAKKIKYFEGVSPK,681
Q5VSL9,LGVDVNRHKEVIVKAIS,571
Q5SWX8,ENLKHPKAKLDNLDEEW,63
Q05209,ENVKKNRYKDILPFDHS,65
P78344,LIHESILHKCIKTLLEK,230
Q96MU7,IDLYQVIHKMRHKRRMH,506
Q8IYB8,THPKGTRRKKKEPDSDX,779
Q9Y3C1,KNYYQDTPKQIRSKINV,146
Q9NZM1,VEVSFAGKKVCTNIIEK,407
Q9BZF9,EKEQQTVTKLHQLLENQ,1151
Q6P2Q9,VMDSTTTQKYWIDIQLR,1659
Q14344,IRLVFRDVKDTILHDNL,363
Q5VYK3,PVSTRVKLKIVPHLLRS,336
P78527,IRNVDSNNKELSIAIRG,357
Q16822,AAFPSACGKTNLAMMRP,308
Q8WX93,KDGKQISPKSDHYTIQR,1044
Q12906,LGMDPLPSKMPKKPKNE,342
P09382,LVASNLNLKPGECLRVR,13
O00203,LKQMLESNKDSAKLDAM,55
Q6P158,ALKSICGEKFIERIQNR,262
Q14192,IGTKSFIPKDNQNFCVP,144
O95299,GIHSSVQCKLRYGMWHF,35
Q13428,IRAALAPAKESPRKGAA,904
O00560,ILCKDQDGKIGLRLKSI,124
Q9H2U1,YVIDGGKIKETHFDTQN,573
Q9BRS8,LEKDAFLLKHVRRNKLG,117
Q5W0V3,LETLYTLGKADCPPGMK,96
O60264,HRIKNEKSKLSEIVREF,319
Q7Z6Z7,MAARIKQIKPLLSASSR,1050
O14974,LTDLQEAEKTIGRSRST,709
Q9P2E9,KLLSLTQAKEESEKQLC,1049
Q16795,LIGRDWETKNFDFEDVF,137
P07814,SLKAEYKEKTGQEYKPG,794
Q14161,SVTAKDLSKQLHSSVRT,135
P98082,AFASYFNSKVGIPQENA,689
Q12906,KSPSKKKKKIQKKEEKA,389
Q12797,EVPPETNRKTDDPEQKA,316
P19447,IVLPCGAGKSLVGVTAA,346
Q16666,YEIQDDRGKMDVVGTGQ,342
Q9BZQ8,VSQNFQTTKDSVQLKEH,384
Q7Z6Z7,NIIRLFLKKGLVNDLAR,2219
P49585,TEEDGVPSKVQRCAVGL,33
Q5VSL9,LLAAAPTSKAKTDSINI,536
P28074,AYIASQTVKKVIEINPY,91
Q8NBS9,FKPGQEAVKYQGPRDFQ,150
Q96FV9,TKPTRIIRKRTAPEDFL,415
Q7L1W4,FDTLPLEVKEALNQDIN,843
Q8NHV4,LAIGSSRGKIYQYDLRM,271
Q9H845,FAKELFLGKIKKKEVFP,47
Q9BXP5,RAEIISLCKRYPGFMRV,442
Q5T160,IEEYIRVYKRLGVYFDE,257
Q99973,IPVLYEQLKREKLRVHK,633
O43865,LYQLSKAGKLCVPAMNV,270
Q8IWR0,NSFSMSESKRDLSTSTS,368
Q92878,IDQCSEIVKCSVSSLGF,1301
Q07065,LSDGIHVVKDARERDFT,223
Q8TDB6,VLLLKSLGKERKHLHQT,460
Q16666,LKEKFNGKKIIIISDYL,257
O00159,RTFTWLVGKINRSLASK,396
Q9H7D0,YRGYTLQNKSKKGIFPE,53
Q92540,TKAVPALGKSPPHHSGF,780
P78527,PDVCVNLMKALKMSPYK,1404
O75167,ELKRRLSRKLSLRPTVA,558
Q14192,CDCKDLSYKDRHWHEAC,57
Q14980,VEQHKRERKELEEERAG,755
Q9H694,NTQIAWPSKLKIGAKSK,93
P78527,SKVPADLLKRAFVRMST,3884
O95671,VHSGEPMDKAGGYGIQA,172
Q9Y2D0,ESVTWIIKKQPVEVDHD,249
Q9UPQ0,TYREIVQEKERRERELH,419
P78527,MQSSVDNTKMVSAVLNG,1591
Q9NZJ4,IESPTSILKALHYMVQT,3363
Q99973,QLISDWIPKKLPRCVHL,1285
Q9NZJ4,QNTPIHVVKDTLKKFLS,2953
Q9Y3D3,IGCGAHLSKPMEKLLGL,85
Q15291,EVHPLLGVKGDGKSKKK,474
Q14320,LRSWYEKNKHIFPASRW,316
P49585,YHLQERVDKVKKKVKDV,248
Q8WXH0,EQWLSLNKKIDHELHRL,4931
P04114,KHVAEAICKEQHLFLPF,262
P42356,LVNFNHIHKRIRRVADK,980
O00159,NDNSSRFGKYMDVQFDF,200
Q9UPN3,QLNEMKEFKVEVYQQQI,6160
Q15019,ENFRSERLKRGGRKVEN,305
O75643,PIESQMVSKLPDMLNAE,896
Q9NX20,FEDVSIPEKPKLRFIER,47
O95155,HILTKQVQKPFLRPELG,1106
Q8TAM2,NLSRLNLTKYSQKPKLA,184
Q6PI48,AELLNACKKLPFEIKNF,154
Q9NWU5,PKTAVAHAKEYIQQLRS,191
Q9NR12,PSCAKCKKKITGEIMHA,347
Q9NP80,NTVTYTSLKTKLSNVIN,677
Q14019,FTTGDAMSKRSKFALIT,72
Q6P2Q9,AKRYAEKRKFGFVDAQK,50
Q9NR12,WGFRLQGGKDFNVPLSI,22
O94874,RLAEEVNDKLQESGQVT,130
Q9Y305,LTQGPQNPKKQGIFHIH,30
O94832,ATGRDIIDKQHTEQEAS,329
P43243,SQKYKRIKKPEGKPDQK,479
Q96CV9,EKCQALERKNSAIPSEL,340
Q9UKV3,KEQEEEEQKEREKEAER,1261
P07814,ASQGEVVRKLKTEKAPK,917
Q9Y4F5,NDMRIPDQKYVTLKLND,77
P68400,MLASMIFRKEPFFHGHD,229
O14727,LKLWDLNQKECRNTMFG,733
Q9Y4I1,NHRIVQQAKEMTETMEK,1050
Q9H3S7,TTDHSEMKKLFEEQLKK,600
Q9P2E9,RESEEALQKRLDEVSRE,882
Q12888,FNEHLKENKVADPVDSS,88
O00203,GALSKYAKKIFLAQKPA,596
O95671,EVANRLYQKDLRAPDVV,76
P04181,RFAPPLVIKEDELRESI,421
P26640,DRIYHQLKKLGSSLDWD,433
P13807,RTLDSMNSKGCKVYFGR,97
Q9HAV4,QFRKEVHIKNLPSLFKK,1173
Q9P275,KEKKIKKFKREKRRNFN,1088
Q12797,PKLLNKFDKTIKAELDA,339
P37837,KLVPVLSAKAAQASDLE,277
Q9NP81,RVLHMVGDKPVFSFQPR,195
Q99570,GMTEEEEDKLLALKDFM,786
P49257,KNDYEFCAKVENMIIPA,232
Q2KHT3,RVQKRPNYKNVGEEEDE,394
P48059,CRPCHNREKARGLGKYI,126
Q14203,RKTTTRRPKPTRPASTG,151
Q9H6T3,DSQKALVLKEKGNKYFK,137
O00159,LGYKPEEYKMGRTKIFI,709
Q14008,PLKKAPAAKAGGPPKKG,550
O15042,ETKKPPLKKGEKEKKKS,194
O94925,SAKKQSGGKVADYIPQL,245
O14964,QLNRKAEGKATSTTELP,226
P00338,VDVIEDKLKGEMMDLQH,59
Q13428,PSQKKKKKKKKTAEQTV,1480
Q5JTH9,RQAHPVMRKCLQSLCDL,511
P00338,KEQWKEVHKQVVESAYE,232
Q9Y6K8,NRKWSLIAKIITTGELA,185
P82933,FHFVDRLGKHDVTCTVS,325
Q8WXH0,EPQLAEMIKQFQSTVET,5803
Q8ND76,YDKHNPEQKQIYRFVRT,169
Q6NZI2,QDEVKLPAKLSISKSLK,165
O95453,KIHVSARSKLIEPFFNK,413
Q16531,ETGLLSDRKKVTLGTQP,627
Q96B97,ISQDEQLSKSSLRETTG,172
Q6PKG0,PKLQEYLGKFRRLEDFR,1017
P78527,ANQKHQGLKLATTILQH,1617
Q0ZGT2,EKIGQLSEKEIQKKIEE,461
Q8WXH0,LSLYVQQLKIDIEKGKL,941
Q9BSJ8,KPLRIIGVKVHPGQRKE,197
Q99536,MANLLTGPKRNLMALAR,295
Q9BQQ3,NDTLKALLKANVEKPVK,60
Q9UQE7,FQKLVPGGKATLVMKKG,1052
Q9UGM6,EEIVQKFRKAVTDFTSE,253
Q9BQG0,SQPPSMGRKKRNRTKAK,1211
O95749,KYLLQLPGKQVRTKLSQ,25
P78559,KIKQRADSKESLKATTK,320
Q2KHT3,YVNSIIVHKFDFSDEEI,130
Q9P2X3,ACQPESSLKALDFDISE,152
P78527,SCKFSMKMKMIDSARKQ,3241
P58546,GADINAPDKHHITPLLS,66
Q8IYT2,LKNSLNEVKNLLSDKKL,74
P48426,PDDFKAYSKIKVDNHLF,71
P0C0S5,LELAGNASKDLKVKRIT,75
Q9H8P0,LSHQFYKSKFVSYPKHR,302
Q7Z5R6,SGSPATPLKAKGTGGGG,537
Q14974,LLTEGRRSKTNKAKTLA,854
Q13439,ESCITQLKKELSENINA,1346
Q92759,TPAGHSDVKRFWKRQKH,452
Q5JSL3,DSSSLCSQKGGVIKQGW,163
Q96DA6,LGVSPTANKGKIRDAHR,75
Q5JRA6,ESEREQNVKNQDLISEN,1299
O14974,SREDEYKQKYSRTYDET,757
O14562,DVLAVNTPKDAAQQDAK,167
Q9H792,IVSNFSQAKQKSHLVDP,1560
Q15291,PLEGSAKGKVQAELSQP,519
P04035,SLALLLAVKYIFFEQTE,335
Q99570,PAIAQLLKKLLSQGMTE,773
P26640,ARMVMLGLKLTGRLPFR,839
Q8WXH0,AVQGVRQRKGDVDGLVR,5692
Q9Y4F5,PGDDRHSTKSDLPVHTR,339
P12694,KEKVLKLYKSMTLLNTM,107
Q14683,TLEENQVKKYHRLKEEA,374
Q96GG9,YKDPQDENKIGIDGIQQ,80
P49756,QAFGFCEYKEPESTLRA,135
P09601,PQDLSEALKEATKEVHT,18
Q9Y5B9,PELLNKITKNLGFGMGI,346
Q13555,RVWHRRDGKWLNVHYHC,541
Q86UY8,EKGVLLWDKIHKLQKGQ,355
Q9P0K7,GADVNSRNKSGRTALML,183
Q9P1Y6,LLRPDAAEKAEAPSSPD,1354
P0CG47,QQRLIFAGKQLEDGRTL,124
Q96RK4,GMCFFGKKKYVAAISCL,285
Q460N5,LDHKRPLIKVLGISRDV,1496
Q9NR12,PYCERDYEKMFGTKCHG,394
Q6UXV4,SSEIEVPAKTTHVLKHS,212
P43220,RDSSMKPLKCPTSSLSS,437
Q9Y6A9,QESSTDDKKPGERKIKR,89
P78527,CLAEIEEDKARRILELS,3355
Q96RF0,DGFKCFTKKMDDSALQL,437
P27797,GKFYGDEEKDKGLQTSQ,62
Q9H0A0,EAAKEFQEKHKKEVGKL,947
P09038,KDPKRLYCKNGGFFLRI,168
Q13049,SKDLQARYKAVLQEYGH,182
Q9H6T3,PKEADIVIKSTEGERKQ,264
Q00613,KEVLPKYFKHNNMASFV,62
Q8WXH0,KHVKKHLPKAHVKELIS,1907
O00170,PMELIIGKKFKLPVWET,67
P27986,RTSQEIQMKRTAIEAFN,480
Q07065,SLEESEGNKQDLKALKE,283
Q9Y3U8,ERRAMELLKVSKDKRAL,62
Q567U6,LKSQEQEFKAHCREEMT,404
Q9Y6K8,ELGGCDKVKWDTFVSQE,55
O60762,DADLSHHPKFIPEFIRK,126
Q13439,LITQLRDAKNLIEQLEQ,352
P48200,PSFFDKLTKEPIALQAI,729
P11274,VATDIQALKAAFDVNNK,1102
Q9ULJ7,SPVHTMEQKPLQSLSSK,1119
P11940,FVGRFKSRKEREAELGA,177
P78527,GDLPDIQIKHSSLITPL,2786
P31689,LQKNVICDKCEGRGGKK,136
O94916,VGNDSGRVKPHGFYQAC,339
Q9Y6N5,CIHTDDDEKISYRYLII,135
O95671,YAMETAKQKALEVANRL,65
Q9UEU0,AASSEHFEKLHEIFRGL,13
Q9Y3C1,XXXXXXMPKAKGKTRRQ,3
Q9UI10,GREMTKEEKLQLRKEKK,36
Q9Y4I1,IRGWLLRKKYLRMRKAA,785
Q8WWI1,EQDRLLQEKYQREQEKL,1248
P46940,HALSLYLFKLGLAPQIQ,161
Q9NWX6,EYSFVFKRKTNWFKRRA,114
P23443,TQEARDLLKKLLKRNAA,325
P29536,ATQRKMGDKVLPAQEKN,565
Q96LW7,EAEKFRNPKASLRVRLC,55
Q96F86,ALLCGPHVKGAQGISCG,346
Q9H074,RDVKQMLLKLVELRSSN,368
Q14980,MTLKEECEKARQELQEA,844
Q13362,PDFQPNIAKKYIDQKFV,156
Q9UI09,VGEDKYGNKYYEDNKQF,47
P50570,KDEEEKEKKYMLPLDNL,562
Q9H307,IKYIRTKTKPHLFYIPG,238
P09012,GTFVERDRKREKRKPKS,107
O15042,DEEDTQSSKSEEHHLYS,810
A1X283,ALLVPPKAKPFLSNSLG,805
Q0ZGT2,NQRRSRDEKQRRKEQYI,54
P36776,IVLPAENKKDFYDLAAF,918
Q07955,GETAYIRVKVDGPRSPS,193
P98175,KEGKEKKEKHKTKTAQQ,642
P51114,QVPRNLVGKVIGKNGKV,295
Q92878,LRLAPDKLKSTESELKK,713
Q5T160,AADDKSVAKAAQEFFQR,221
P46926,SIKEKETEKSQSSKKPY,279
O60306,ALKRHDLVKLGFKYDNI,1051
Q9HA77,LSSTKRAVKAALADDFD,407
Q9NNW7,EHTVCGVAKGGKEILLS,172
Q5T1M5,WSIMFESEKAAVEFNKQ,158
P78347,VDEKQPLSKPLQGSHHS,271
P54886,GRLAAPLLKRLSLSTSK,424
P78527,LLPAELPAKRVRGKARL,2908
Q9UPA5,QAASKAAAKPKTMPKER,454
P17931,SVFPFESGKPFKIQVLV,196
P19367,RGQISETLKTRGIFETK,777
Q86W11,GKAFCQSSKLIRHQRIH,315
Q0ZGT2,KNLKSKFEKIGQLSEKE,454
Q9P2E9,KVEKKKKEKTVEKKGKT,64
Q86TI2,SLLYSEIPKKVRKEALL,93
Q99567,KEEIQRRVKLLCDQKKK,592
Q13523,KMIRKGVFKDQHFDQNL,919
Q9UPN3,QEVPAQLLKALEKDAKN,3447
P49902,FGDILKSKKRQGWRTFL,362
Q6YN16,AYSIFQKPKSFTGNFVI,236
O60306,MTCTHAALKRHDLVKLG,1045
Q9UPM8,GLKETNSLKLEGIKKLW,702
Q6PJI9,NRQIKAAGKVIIQDIAC,646
Q9NRZ7,GSSKVLAKKELLYVPLI,124
Q96B97,GMFPSNFIKELSGESDE,153
P67936,EEIKLLSDKLKEAETRA,195
P41252,RDRKTIPIKYPLKEIVV,844
Q8IZH2,ETPGEGEHKIMEFIRSE,180
Q9UKV8,FVCEVLDFKSIEEQQKP,241
P42694,EATIEEKTKEYIFLRLS,564
P07814,AVKQLLSLKAEYKEKTG,788
Q14683,AHGLQMRLKYSQSDLEQ,713
Q68DU8,GREGQADAKFRRVPRIL,185
O15357,NMGSVPPPKNVTSWFTS,440
Q10713,AQYTGGIAKLERDMSNV,299
P04114,MDEDDDFSKWNFYYSPQ,4021
P42285,KGPPGSADKAGKRFDGK,43
Q6UXV4,PAKTTHVLKHSVPLPTE,218
Q8NBS9,EPPSAPELKQGLYELSA,188
Q96QE5,NRFLRKLLKPDIERERL,156
P41252,IHQDPEALKDIKSLEKY,861
Q8N5B7,KQLDWNVRKIQCWFRHR,121
P49662,CHLEEVFRKVQQSFETP,345
Q01658,RAAINKMIKETLPNVRV,23
P26232,YDGVRDIRKAVLMIRTP,625
Q14573,HNEMEWQRKLRSMPLIY,2187
Q0ZGT2,EIDAALQKKREEEEEEE,554
Q13200,ENMAPGENKRFAADIIS,119
P23443,KEKFSFEPKIRSPRRFI,431
Q9UPN3,HKLSEKEKKQISEQLNA,1505
P0CG47,QQRLIFAGKQLEDGRTL,200
Q13045,RKFIIHRGKRKAVQGAQ,1044
O00471,GTGGIQDLKERIRQRTN,388
Q5K651,ATEEDVKMKFSNEVFRF,214
A2RRP1,ISQSPTCYKQSTKLLGL,1257
Q9H078,HEEGGQLTKKLKQCPNA,441
Q92552,KALYTLVNKVQYGIFPD,132
Q9H2K8,KVAAADEKKFQQQILAQ,532
Q13547,NFKKAKRVKTEDEKEKD,444
Q9HB71,VEGSSKKVKTDTVLILC,146
Q13753,AVVQGLVEKLEKTKSLA,819
Q7Z6B7,TPSRFKKDKEIIAEYES,11
Q8IWA0,EDIIHQLSKSEEKELRK,810
Q99996,RMEQETQRKLEQLRAEL,429
P51825,SENRLGKPKYPLIPDKG,91
O15228,CVRLGVVEKKKINNNCI,643
P49756,TEEKRKHIKSLIEKIPT,739
Q8TEQ6,TFKELFSEKHASLQNSQ,1363
Q5T440,TASGQTVGKFRAGQGNV,309
Q9Y4W6,HLSDSINQKHFEQAIER,543
Q12802,ANCSAFVHKGCRESLAS,1829
Q9HAU5,NKDDTKEAKESKENKEV,504
Q9BUQ8,LEEERKKRKQFQDLGRK,196
Q5T2N8,TGKTLFAKKLALHSGMD,189
Q9H832,YPIHPPRVKLMTTGNNT,166
P78524,GNKMKFLHKKNXXXXXX,1135
P10515,AQWLAEFRKYLEKPITM,637
P46821,KVQSLEGEKLSPKSDIS,1777
Q460N5,EVIITGCVKEVNETYKL,652
Q13523,ELMQKTGLKELEFLKKL,731
Q9Y2L1,ILKKRRIEKGALTLSSP,627
P08579,KITPSHAMKITYAKKXX,219
Q96G23,YLILRMAHKFITGKLVE,329
Q9BRS8,QAEMGTQEKSPGTSPLL,446
P78527,KSVGPDFGKKRLGLPGD,2702
Q86UY8,DSIRDVHIKGIMYRAIE,260
P49023,YCNGPILDKVVTALDRT,427
P28328,NHHLASFGKVKQCVNFV,134
Q14573,LNASRDDKKNKFANTME,827
O75962,ENPDGTLKKSTSWHTAL,2628
O00203,HRLLIRNTKPLLQSRNA,305
O15173,VFDVTKGSKFYGPAGPY,135
Q9UPT5,LGSMAKIQKAVEYFQDN,121
Q8IY17,AKKILRIQKETPTLQRK,153
Q86XL3,FAGPLSPAKAEDFRKLW,531
Q9UKM9,LEQIAAEQKANPDGKKK,216
Q9Y5U8,LTFMRFAYKVQPRNWLL,72
Q07866,CYLKQGKFKQAETLYKE,398
Q99996,KLFKDDMEKLGLAIKES,2260
A2RRP1,QNYLSKIKKRSWVLHEC,580
Q99590,NENRWQNRKPLSGNSNS,1101
Q567U6,AALEKIESKADPSILQN,377
Q92878,QEKEELINKKNTSNKIA,932
P15170,EGKTIAIGKVLKLVPEK,490
P82675,DRKKKMKVKRERGWSGN,188
Q6VY07,TEIGSLNSKGSLGKDTT,421
O94925,EYVHRYVGKEPSGLRFN,311
O95347,NIAWQKVNKDFGSIFST,1039
O15382,DLQLEMTQKPHKKPGPG,44
Q969R2,SLTELDGLKIPSESGEK,341
Q99996,KSSVFDEDKTFVAETLE,921
Q15021,QDAYSFSRKITEAIGII,633
Q9BRS8,FMITESQGKENMKAVLI,283
O14727,SQLQDLHKKIITQFQRY,459
Q86UU1,RQLQVYRSKMDGEATSP,964
Q00341,QFHKNIIGKGGANIKKI,599
Q9P015,LFKMLCTRKDPRQIFFG,260
Q9NZM1,SSGSKGYMKVSMFVLGT,317
Q15306,LFKAWALFKGKFREGID,78
E9PAV3,AVVTPPSPKGGPATSPP,1298
P82914,FQETQKLKKRRRALKAA,222
O60504,LEVELSFRKGEHICLIR,477
P46940,EMKGKKSKKISLKYTAA,1558
Q5SSJ5,DEKDQSKEKEKKVKKTI,125
P14618,SGTAEVELKKGATLKIT,135
P42704,KQTLEKVEKSELHLMDR,295
Q9BQG0,NHLQEQPRKALVDILSE,179
Q9HB71,TVLILCRKKVENTRWDY,157
P20810,QAVKTEPEKKSQSTKLS,37
P11274,VVTKRERSKVPYIVRQC,1066
Q8N122,DPTVDEVKKLCTSLRRN,132
Q9NZJ4,DQGISSYTKLKGCKVLH,943
O94874,YNNIRLFEKGMKFFADD,556
Q96SI9,KDGENVSMKDPPDLLDR,184
O95671,KLKVFDLLKDEAPQKAA,314
Q5T2N8,FLRKRATEKISEDLRAT,249
O00203,IVGMIAKGKNASELFPA,74
Q13976,LVIDRDSFKHLIGGLDD,322
Q16795,VSHLNANIKSSSRYLRN,175
Q9UK39,SEPPYTTWKIRTSGECR,365
P13995,RTGIPTLGKNVVVAGRS,194
Q9UKV3,EAFWIDKIKSHCFVTYS,1049
Q13190,RSEFTLMAKRIGKDLSN,99
P67936,KTIDDLEEKLAQAKEEN,223
Q5JSL3,YEKRREFEKLTQVYRTL,1734
P18206,ANRILLVAKREVENSED,768
O95425,RAKLSVAAKRLLFREME,697
Q9P2E9,KKKSGSKKKGEPGPPDA,634
O75907,KWCIRHFYKPMLRRGSS,391
P06576,TEGLVRGQKVLDSGAPI,124
P56192,ELKAQKADKNEVAAEVA,866
P51809,AKIPSENNKLTYSHGNY,42
Q9BQG0,KQEQDLLHKTARIFTHH,874
Q6YN16,QQISAAVEKAIKKFGGI,87
Q9UDT6,ERVWVNGVKPGVVQYLG,91
Q5JSL3,YENVIAQRKTQIYSDPL,53
Q9UG63,IGRYGLTGKQQVSPIRN,508
Q14669,RANTSERQKTGQVPKKD,59
P53602,ILVVSAEKKLTGSTVGM,207
Q9UPA5,EAYEEMMRKAELLQRQQ,1194
Q07866,DELANTQQKLQKSEQSV,130
Q567U6,RRKVISLNKQIAQKTKH,324
Q96GY0,PAPGVLTNKRKTYTESY,260
P35659,RPGTVSSLKKNVGQFSG,124
Q9NZM1,LEKTPPDKKLEPISNDD,553
Q15021,LVDLDLGGKGKKARTKA,148
Q9P260,FLVNEFLLKNNYKLTSI,269
Q86UP2,GKKKASSKKQKTENVFV,215
Q16658,PSGPSGTLKAGKATKVG,241
Q9H6T3,RNGNFRKKKKGKAKESS,65
Q8TDZ2,GARVVLVEKRTKFSRHN,115
Q5SW79,RKSFTSLYKDRCSTGSP,964
P11940,LYVALAQRKEERQAHLT,371
Q9UPN3,ALDRLEELKEFANFDFD,7021
P46940,KIGLLVKNKITLQDVVS,924
P23443,ENRKKTIDKILKCKLNL,304
O15382,ILRFQKELKEIQYGIRA,377
P62333,LTEEKFIVKATNGPRYV,72
O00635,VEDVCQGYKEKLQKAVT,137
Q96EN8,RANIIINGKRAFEEEKW,784
Q5SW79,HLGSSAPGKEKSETDKE,729
P07814,HYQVNFKGKLIMRFDDT,231
Q9Y3D5,NPYKEPLKKCILCGKHV,64
Q9H792,ETASSLSQKICNGGLSP,363
P55786,PCWDEPAIKATFDISLV,197
Q6V702,KREDFEARKAAIEIARL,66
Q9UMS0,NSLKFIPGKPVLETRTM,78
Q13045,RVYGKKNIKLEPVPLKG,631
Q15020,YLDRQLKVKDLVLSVHN,361
Q04721,SLKHTPMGKKSRRPSAK,2101
Q5K651,KNYIPYLTKLKFSLKKS,1259
Q6NUK1,IMMQVHGSKSDKMNIFG,228
Q14139,LKLCQPFCKPRSSRLLT,451
P42704,ASKILGFMKTKDLPVTE,224
P19367,NKEGLHNAKEILTRLGV,353
Q9NUU7,GNKLERGQKISEQIVIG,207
Q5JPH6,GTKYSNVMKLLRMALSG,486
Q5K651,MKEYAQALKNSFKGQYK,1461
P18206,GPGMTKMAKMIDERQQE,173
Q9NZM1,DINRAVDEKGWEYGITI,991
Q96AE4,IGKGGETIKSISQQSGA,400
Q9P253,PHRVHYDLKYALRLCAE,698
A3KMH1,DDNLEPELKDYKCEVTS,720
P49916,ERARATTKKIEDLTELE,156
Q9NV70,KVIKEYPGKEVKKGLDN,819
Q15428,EKVKVEVKKFVKIGRPG,108
Q06265,KPVKRRKKKRAANXXXX,435
P02751,ARITGYIIKYEKPGSPP,1936
Q8IYT2,IASLNHYLKSHRFPCHW,159
P02787,RDDTVCLAKLHDRNTYE,659
Q12906,LNEKRRGLKYELISETG,540
Q9UBB4,KKVGFEVEKKGEKLILK,459
Q9NQW7,YAVSETIPKDHRCCMPY,304
O94851,QRKRRAELKQQREEEAT,1073
Q8TCS8,AVMVTAVSKTKPSPSQF,87
Q9BW27,RIDEELTGKSRKSQLVR,92
Q16555,XXMSYQGKKNIPRITSD,7
P37108,KISTVVSSKEVNKFQMA,74
P46063,KQAEELNEKLTPLKLID,509
Q8IWA0,IQKGISREKVQWGVFVP,628
P46940,QRYLDELMKLKAQAHAE,503
P49914,HGNRLGRGKGYYDAYLK,150
Q8N999,FLHSKENPKEFFWNVEE,101
P27816,RSPSTLLPKKPTAIKTE,832
Q96DA6,IAAKINEAKDLLEGQAK,107
Q7Z4V5,KYGKPNKRKGFNEGLWE,75
Q6NZI2,ELLRRRNFKVMIYQDEV,152
Q9NV70,LLSIVNVCKAGKKKKNC,28
Q96N67,ELHEQFKRKTILTTSHA,1964
O00471,MPLISSSPKLSECLQKK,513
O94925,VKFLLEACKVNPFPKDR,610
Q13546,KHWKNCARKLGFTQSQI,604
P42226,PQVLKTQTKFQAGVRFL,288
Q96HY6,LSGKIGAKKLRKLEEKQ,121
P20936,GAQQHVLKKLLAITELL,1025
Q9H792,GFSNSTEHKRGSVAQKV,698
O94804,LKLMKKEVKNEVEKLPR,665
Q9BSJ8,DRAQDLPLKKGNKEPNP,493
Q00341,SETIIITGKRANCEAAR,632
P0C0S5,GGVIPHIHKSLIGKKGQ,116
P78559,KPELKKISKPDLKPFTP,461
P54619,RAAPLWDSKKQSFVGML,78
Q9Y6D6,GKSKPNLLKQETSSLAC,1721
Q6NZI2,LERQAGQIKKLEVNEAE,136
Q7L5N7,KLDWDGVRKHLDEYASI,362
Q9Y6N5,WGGPAFLRKLFHLGMSX,443
Q9BPX3,QQPHQNQAKLVVALSRT,26
P78527,FSLAMKLLKELHKESKT,3260
O95453,VKIAVNTSKYAESYRIQ,499
Q9P2E9,KEKGPTLLKHPPAPAEP,1098
P18583,PKESSGGEKEVPPPPKE,1706
Q9Y4I1,TCRFLHCLKQYSGEEGF,1569
Q13439,QNSISLSEKEAAISSLR,1392
Q5TFE4,VAAIQHNYKMSAFKENC,171
O15084,VNMKSKDGKTPLHMTAL,307
Q15477,LDLTTSSEKSEIHLFLQ,597
Q92947,CIRGFLLEKGMRGLSAP,240
Q9P1Z2,LKDKVAQMKDTLGQAQQ,325
P26378,LRLQTKTIKVSYARPSS,118
P05120,ECAEEARKKINSWVKTQ,168
O43865,TREHLDRMKNSCIVCNM,389
Q9H061,FRRILNVTKARIAAGLP,62
P18583,LVDFKTDRKGLVAVGER,2344
Q7Z3U7,QGTVMLTSKNIQCMRTL,675
Q9UPA5,SSLVSRGRKFQDEITYG,3403
Q5THJ4,FDTRYAGQKTSPGMTNV,2350
Q8WXH0,NEHLEVVDKINQVCKNL,1593
Q04837,GSRIYLEGKIDYGEYMD,113
O43819,LLGLTGSTKQVAQASHS,196
P02787,EKGDVAFVKHQTVPQNT,553
P78527,PGLGAFRRKFIQTFGKE,3631
Q96AG4,VKLDLSKNKLQQLPADF,73
Q5T0F9,ARMHERIAKQYQDAIRA,419
Q9H7D0,EVDGGEIVKFLQDTLDA,667
Q9NQ66,FEISKKRNKSFEMSSFV,563
Q5T5C0,KLSLPTDLKPDLDVKDN,765
Q9HA77,WELLDQRTKDQKSAGXX,558
Q96EN8,IIGYSQVDKMASLYNIH,409
Q9P1Z2,GGPATPTWKECPICKER,654
O00203,AVVKNVASKNIEIKKLV,90
Q5R372,LYSFCTAFKRSSRQVSD,252
P0CG47,XXXMQIFVKTLTGKTIT,6
Q9NP81,RGHLEIGEKLDIIRQKR,211
O14727,VPVESSLGKEKGLEILS,288
Q9NZJ4,SVIDSVTKKRQLKDIPV,2791
Q9P015,TPFYIRIPKYGFNEGHS,80
Q9Y4W6,TQVLQPEEKKTVAYHEA,568
Q9UDT6,DRVLVGGTKTGVVRYVG,231
Q9BRX2,SQACQLRVKGTNIQENE,84
Q9NUJ1,PNLAYKKLKGKSPGIIF,72
P62993,EECDQNWYKAELNGKDG,38
P42356,RASERASEKGPALKASS,754
P42694,LSECIEGVKVEHNPDLS,261
O94925,VHKFITALKSTGLRTSD,164
Q27J81,PDSDDNKTKKLCVIQXX,1243
O15357,NKLGVVFEKEKDRTQRK,383
P56589,YLDNAAVGKNGTTILAP,149
Q96CN7,FKEIQNLIKASAPESGL,286
Q9UPN3,AKTNRADPKKSASRPGS,7306
Q16204,MMRHIRFLKNEVERLKK,266
Q9P2I0,GRSDGDSIKKIINQMKP,550
O15269,SRSDIKLFKHNDMADLE,210
P46940,LQDVVSHSKKLTKKNKE,935
Q12929,AEAFSELSKRKKNKKGK,299
Q96RF0,VESKIDGFKCFTKKMDD,432
Q7Z6Z7,LMRHQPTLKTDATTAII,674
Q13642,XXXXXMAEKFDCHYCRD,4
P26640,RKAVLVALKERGLFRGI,645
Q9P2E9,QATSQVESKQNAELAKL,819
P53667,PEGLRSLKKPDRKKRYT,500
P08842,SNGIYKGGKANNWEGGI,368
P55265,QSGPPHEPKFVYQAKVG,757
Q9UQ90,IDEIDAVGKKRSTTMSG,415
Q13439,EKALSTAQKTEEARRKL,425
P00338,VESAYEVIKLKGYTSWA,243
Q13459,DKRNYQIGKTKVFLKET,935
Q92878,LRKRNEELKEVEEERKQ,1032
Q15643,YSAELEKQKQLIAEWKK,1699
Q9Y697,TVNNEIGVKQPIAEIGR,212
Q96IZ0,RKGKGQIEKRKLREKRR,153
Q9BRX2,SLRASTIRKVQTESSTG,46
Q96T76,HLYRLSFLKEDSQSCRV,496
P09543,VDKYRDGTKMVSADAYK,79
P48426,LGSSVLASKTKTKKKHF,15
P14618,NGGSLGSKKGVNLPGAA,207
O95453,VETLETEKKERYIVISK,235
O00499,SRIAKRGRKLVDYDSAR,146
Q7Z3U7,STWHTVIWKVLFHLLDR,1070
Q9NV70,HLSNTNNVKLLSEIEFL,268
P00338,SEEEARLKKSADTLWGI,318
Q9UJZ1,DIHVPPRVKESMQMQVE,187
Q5JTH9,RKFGFELVKRLLPEEYH,1021
P78527,IHWFTNNKKFESQDTVA,1000
Q86YH6,VYHENSTSKESYITDDI,234
P30086,KVLTPTQVKNRPTSISW,47
Q9Y6M1,KENSGAAEKPVTIHATP,240
Q86V48,LPSKESRRKGGLDYLKQ,258
Q8TCS8,VSCEVDMFKTLHGSALF,378
Q99436,RPYTVPNKKGTRLGRYR,238
O94851,SKVTTWKAKALWYKLDK,63
Q15031,QSWTQSNIKHMRKQLDR,155
Q96TA1,RVLERVLKKYDYDSSSV,479
P02792,KAAMALEKKLNQALLDL,106
P09038,CANRYLAMKEDGRLLAS,219
Q14997,TREETETEKMTHLESLV,574
Q13409,RKEEERKKKETDQKKEA,35
P0CG47,TLSDYNIQKESTLHLVL,63
Q86V48,NEERNLTKKISSELEML,150
Q9HCE0,FKVERGSPKSCFLFLGS,2082
Q969R2,LLKWTNYLKGYQRRWFV,197
Q53FA7,AHKYMEANKNIGKIVLE,321
Q8WXH0,PHFKDGREKTVNQQCQN,1503
Q9P0P8,LKSNIRSTKSTKKSLQK,92
P51790,PAESPRPLKLRSILDMS,750
Q8WXH0,QLQTQVFEKEKELEEKI,3027
P09543,WQLSADDLKKLKPGLEK,175
P49406,RVQEIQVVKLEKRLDDS,178
Q9Y3D9,YHEDRIRAKFYSVYGSG,73
Q2M389,FPLQVVMKKLDLISELR,586
Q9NX58,PAKGKFNWKGTIKAILK,312
Q14344,ILLARRPTKGIHEYDFE,204
P10606,REIMLAAKKGLDPYNVL,57
Q01970,ALLIEPLDKYPLAPGVP,444
Q9Y4I1,ATATETYIKPISKLQAT,389
P42356,FGLFSAEIKEADPLAAS,1272
Q96J02,ISAKLKENKKNWFGPSP,33
P17931,RRVIVCNTKLDNNWGRE,176
Q9Y5X1,NRSVNHRYKHFDWLYER,288
P27986,NVGSSNRNKAENLLRGK,633
P16070,RRRCGQKKKLVINSGNG,681
P26640,KDTRYQHLKGKNVIHPF,560
Q96GG9,VKGSLDRKKLEQLYNRY,64
P14618,WLDYKNICKVVEVGSKI,166
P55809,LANWMIPGKMVKGMGGA,418
Q9Y305,VGKTSMEVKMQMFQLHG,182
Q99961,GFPCTTAPKIAASSSFR,282
Q14997,IKLLKTILKWLMASAGR,1579
Q96Q42,EPPISRSAKYTFYKDPR,1035
P55265,HFLQPIYLKSVTLGYLF,1063
Q9P2I0,NEPRLSDFKQVLLREGI,725
Q8WXH0,SSVGQKIIKDDIKSLQC,2329
Q6NUK1,YSGIYDCAKKILKHEGL,332
Q9UIG0,EDYGELGMKLSEIPLTL,677
Q5JSL3,YCYPFTIYKNHLYVYPL,640
Q14669,TAKPAHIAKVKMKFRFL,1692
P50579,WLDRLGESKYLMALKNL,427
P10599,WCGPCKMIKPFFHSLSE,39
P27816,TETEVAPAKDVTLLKET,346
P48426,SYDKRYIIKTITSEDVA,145
O60925,VIDTQQKVKLADIQIEQ,28
O95425,KEVTLAQRKIAFQLAKH,1617
Q460N5,QVNWKEFSKCLFIAQKI,556
Q13501,TVKAYLLGKEDAAREIR,13
Q9H307,KLIEESQRKMNALFEGR,262
Q14914,KTAELPPLKNGEVLLEA,33
A5YKK6,LSQSNMTQKVEELKETV,1114
Q5T2N8,RYIEARLGKPSLVRETS,105
Q7L1W4,KLLVLNSLKKMMNVAEL,632
P68400,LVRKLGRGKYSEVFEAI,49
Q9HB71,NYGWDQSDKFVKIYITL,85
Q9NW15,EALKQQQMKLVTENLKE,641
Q9H2W6,GDFSQAGNKGHHVWVTK,249
Q9BSJ8,PLDEAQRRKLDVSVKSN,1054
Q99471,VQTKYVEAKDCLNVLNK,47
Q9BPX3,EKIKIQLEKGNKEFGDQ,896
Q9BZF9,QKSGELGKKITELTLKN,704
A6NHR9,KNLKLIEEKLGMTPIRK,1958
P05120,RKKINSWVKTQTKGKIP,174
P55786,LLRGLVLGKLGKAGHKA,712
P46821,QYLNKLSMKPEPLFRSV,394
Q14160,TDEGIFISKVSPTGAAG,1138
Q5SRE5,AQTPSASRKSLDAPSWP,1386
O75879,LNSIRFLAKAIDYEIQR,290
P50552,NCAIVRGVKYNQATPNF,71
Q92538,LECIGSGVKPPAALQAT,1278
Q99996,CSFVMRTGKPTNLLREE,129
Q9UPM8,LTSKHEEEKLIQQELSS,54
Q9Y5B9,TCAMGIRFKSYCSNLVR,280
P20936,QSCELSPSKLEKNEDVN,834
Q13523,EEEGEIHEKARNGNRSS,153
O75962,KKCVTAVDKRYRDFSLR,1226
Q5K651,YSIQTAIAKKYIRYEKP,820
Q9UHB6,TSHAASGAKADQEEQIH,117
P22830,SPIKIWTSKQGEGMVKL,138
Q15019,KVENEDMNKDQILLEKE,318
Q9Y4F5,VSVKGLAPKRSEALPEH,129
Q8WXH0,ISIEEMIEKLQKDCMEE,5954
Q96E11,NKAKDSLRKVRTNSMNK,210
Q69YQ0,LLESVRLDKEKAETLAS,616
Q27J81,MIRAGDTTKFDVEVLKQ,666
Q9UJ70,CRFAGFCRKIAEGAQQG,219
Q96EY7,IEEVVIPKKKTWDKVAV,62
O00159,NDLLFRNLKETMCSSKN,571
Q86W92,SEVKRLQEKLVCKMKGE,286
P04035,IRRQLLSKKLSEPSSLQ,502
Q9UM54,PPILLVAGKDDMEMCEL,1230
Q9H2U2,RLYKVPDGKPENQFAFN,247
Q8NHV1,HKSEEEKEKEIKLLKLK,248
P54886,TTKWLLRGKDHVVSDFS,767
Q96N67,EVAIEDMQKKTQELAFA,2002
P61081,ICPDEGFYKSGKFVFSF,72
O75955,QDYLHSLGKARTAQVQK,166
Q9NSD9,KAVHISNPKTAEFQVAR,443
Q13642,ETFVAKDNKILCNKCTT,86
Q9Y2D4,QKLIDTVAKQLRGLISS,800
P62873,KNQIRDARKACADATLS,23
Q16666,ADRNMEIPKGLIRSASV,663
P07814,VLGKDEDFKQYVNKNSK,642
O14787,RSLSGLILKNNVKAHYQ,71
Q8IZQ1,LPTFAVCEKFVVMEINN,1602
P0CB38,NVFIKNLDKSIDNKTLY,107
Q9Y305,VDKIDMCKKSLSPEQDI,157
O75962,DGKIVAQGKLLLQDTFL,2163
P67936,LKNVTNNLKSLEAASEK,169
Q96BY6,ALLYFFMRKNFEFNKQK,1593
P09543,SADDLKKLKPGLEKDFL,178
O60645,MNSFLSRYKDEAQLYKE,477
P06737,SQFLETEYKVKINPSSM,555
P46821,LELIEDEEKLKETEPVE,866
P78347,QPRTNTPVKEDWNVRIT,561
Q9P289,LLKHKFIVKNSKKTSYL,276
P04792,QLGGPEAAKSDETAAKX,198
Q8NCA5,GRGGGRGNKHQGGWTDG,379
O95071,VDGAYVAVKFPGTSSNT,681
Q5VIR6,TNFEGFLAKRFSGCTLT,360
O75475,SENKEKYGKPNKRKGFN,70
P42694,SPQSSAGGKPAMSYASA,1891
Q8WWM7,PSLASREGKYIPLPQRV,348
P84022,CTIRMSFVKGWGAEYRR,378
Q9H4B0,VFFKPSKRKVYEFLRSF,18
O60306,CNLYNWRYKNLGNLPHV,1152
P12268,YFSEADKIKVAQGVSGA,438
Q9UG63,ILAYKEHLKSKLVDEEP,606
P27635,RIFDLGRKKAKVDEFPL,40
P15735,ELFDYLTEKVALSEKET,122
Q9UBB4,LRALTALFKEQRNRETA,34
Q14980,KEQAAEHYKLQMEKAKT,1611
Q8NCE2,SGDTHLFDKVRGYDIKL,194
Q9Y6M1,QGVASQRSKXXXXXXXX,599
Q8N122,HCEKIEGSKSLAQSWRM,43
Q9NR30,GEEIDSKVKGMVFLKGK,670
P52948,KSIKKLVLKNLNNSNLF,603
Q96TA1,QRVLERVLKKYDYDSSS,478
Q5SSJ5,AIRKYIIHKYPSLELER,190
Q9H8P0,IWSSAHQYKCHVILGNL,219
Q9HA77,KGNVYFDLKSRGDKYGK,198
P18206,IAELCDDPKERDDILRS,426
Q9NUP9,HEKAVELLKAAQGKVKL,161
Q9UPQ0,EKQDRRWKKSFQGDDSD,874
P21953,EVASMAKEKLGVSCEVI,294
Q16666,VKVLNTSLKEKFNGKKI,250
Q96BY6,GKHGGSDIKWVDGGKPL,834
Q6PKH6,TGTVCHVGKAEDRERLV,90
Q9NVV4,SVETGFEDKIPKRRFSE,57
Q9H3M7,QGPLGTSFKGKYGCVDY,115
P19367,RNILIDFTKKGFLFRGQ,763
Q00341,SSDVEKAKKQLLHLAEE,714
Q4G176,FSPQQVWEKFLSSETPR,278
Q8NC96,LCIGNITNKKGGASKPR,169
Q92665,EKHLESFPKQGPIRHFM,343
Q86XP3,EQLMHQIRKSEYTQPTP,270
Q00341,VEVKKSQHKYVIGPKGN,308
P04181,DDIFEREYKYGAHNYHP,49
Q15397,SADHRTLDKVLEVQPEK,293
Q00341,LHNSLIGTKGRLIRSIM,672
P23284,VKTAWLDGKHVVFGKVL,165
P46940,RNMRAVTDKFLSAIVSS,1144
P78527,PVNKKNIEKMYERMYAA,3608
P14625,PFVERLLKKGYEVIYLT,561
Q9UPT5,SPAIPNKRKDTPTKKPV,258
Q9UIG0,SALSCVISKTARLLSSE,501
Q96JI7,KKVDPQLLKMALTPYPK,1117
Q53LP3,RARARAHFKELVNAVAT,57
P98175,LEQSADGHKETGAPSKE,627
Q9P0M9,AHVGVGKNKCLYALEEG,87
Q63HR2,TQESQSNVKFVQDTSKF,1131
Q92538,TEQFNQKPKKGIQFLQE,715
P29590,LDSSHSELKCDISAEIQ,226
O00139,MLKKPNYKKLELQVYAT,357
O76031,FGTPSNLGKGRRAAAAA,449
Q9P2E9,LQKSRVTVKHLEEIVEK,1175
Q14669,RQKTGQVPKKDNSRGVK,65
Q13546,LPPTDESIKYTIYNSTG,530
O14617,MSASKFTFKRIGYLAAS,91
Q96I59,VELKAEKIKVIGNCDAK,116
O43175,CPHLGASTKEAQSRCGE,289
Q9Y6N5,VKTVEKTWKALQDFKEG,180
O75643,NITVREEEKLELQKLLE,1034
Q9UDT6,LVESVRKEKVDLSNQLE,428
Q6PML9,ELRRNARAKGMSFYKYV,374
P17252,LKAEVADEKLHVTVRDA,172
O14979,GEVVDCTIKTDPVTGRS,180
O15042,RFGPLASVKIMWPRTDE,304
Q6NUK1,MKTRLAVGKTGQYSGIY,320
Q9HD33,LEEFFDDPKNWGQEKVK,72
Q99590,KSGEVNSTKVANLVKAY,1428
Q4G176,HSLSHRELKEWARNVLA,534
Q8WWI1,ITLYWLGRKAQSNPYYN,179
P27986,KYQQDQVVKEDNIEAVG,438
Q9H6T3,RASAYFRLKKFAVAESD,181
P13995,GRKLAQQIKQEVRQEVE,50
Q9H7D0,SCFRELKEKVEKHYGVI,1632
Q9NPQ8,MKLVTMFDKLSRNRVIQ,489
Q9HAU5,KEYFTSLTKHLKRDHRE,365
P49406,SKIEAAIWKEIEASKRS,284
Q13085,DPFFSSKVKDWVERLMK,879
P54886,VRDIQKAAKGIPVMGHS,572
Q07157,MMRQNHVLKQPAVSHPG,1020
Q16666,NCEEGDKLKLTCFELAP,734
Q9NR12,SKKDRPLCKSHAFSHVX,450
O75879,NRNPRAINKLIGLVRKA,529
A6NHR9,SLHYEEITKGPNCVIRG,879
Q8IWA0,IASGHMDGKIRLWRNFY,226
Q6UXV4,IIAKVTAKKVYATSQQI,167
Q9NV70,KISCLEAEKKEAKQKYT,752
O14727,GARIMVAAKNKIFLFDI,818
Q9P2E9,RQELSKVSKELVEKSEA,836
P27816,TNVILTKDKALPLEAEV,464
Q7Z5R6,GTQHKMKYKAPTDYCFV,375
P02787,AVSEHEATKCQSFRDHM,37
Q6IA86,LASACKAAKKEHAAIIL,590
O60934,TEFRSLVIKNSTSRNPS,665
O60934,DEVLEQLFKDTKPELEI,568
Q86W92,SNFGNLRKKKQEDGEEY,916
Q27J81,XXXXXMSVKEGAQRKWA,4
P39019,FLKKSGKLKVPEWVDTV,29
Q9Y4L1,KTPVIVTLKENERFFGD,75
Q5VW32,QEAEKLYAKAEALCKEY,283
P17844,MGFEPQIRKIVDQIRPD,264
Q14161,AALFPKKPKSDMVRTSL,692
P12268,PLASKDAKKQLLCGAAI,242
Q9Y2W1,ESSKRKSAKEKKSSSKD,178
P62993,FGNDVQHFKVLRDGAGK,109
P41252,GQKMSKRKKNYPDPVSI,606
O60841,SEGDEEDEKVSDEKDSG,568
Q9Y4C4,AAYYGVSDKNLRRRKAH,601
O43175,VGLLKEASKQADVNLVN,384
Q9NZM1,TAELILRGKDGSNLPIL,1274
Q3YEC7,DTTPARDEKKVGAKAAQ,414
Q5VYK3,SSTEKLLQKLNGWYMEK,1442
P07814,AVECLLSLKAQYKEKTG,861
Q13191,AADRRTVEKTWKLMDKV,48
P41252,LIQEKTQLKGSELEITL,1061
Q9BRP8,QPSKEQLEKLARRRALE,186
Q9UHY7,SSGSVEAQKLLFGHSTE,161
P09382,YMAADGDFKIKCVAFDX,128
Q9BZQ8,KEECRALTKGLEGTIRS,303
Q96P48,VSHSGFLYKTASAGKLL,752
Q16585,NKEHNSNFKAGYIPIDE,41
Q96BY6,INAKANAKKKEALETSV,779
Q13555,VLRKDPYGKPVDIWACG,193
P46926,YKNGDLSFKYVKTFNMD,64
P19367,VGVDGSLYKTHPQYSRR,418
P43897,ASSKELLMKLRRKTGYS,52
Q15746,NGKTLKTTKFIILSQEG,1142
Q9NTJ3,DKMAVWAKKMTEIQTPE,680
Q8TDD1,RGPERRGGKRDRGQGAS,799
O14617,NPVAPKAQKKVPVPEGL,613
O14802,RITPTQVEKFLETCRDK,1013
P67936,DGERERREKAEGDVAAL,44
Q6NZI2,VLVLSLLDKIIGAVDQI,60
P42704,LMKSYVSEKDVTSAKAL,1332
Q13685,GTIRIWDLKQGSPIHVL,245
O00401,EEEAKKFRKAVTDLLGR,132
Q14320,NIMKSNIDKKFSAHYDA,47
Q9BYT8,IMNPEVGMKYRNLILKP,664
Q99436,LRPYTVPNKKGTRLGRY,237
O95155,HREMLKRCKTQLKKLVR,817
Q8IZQ1,WTELIHSKKQVLEELFK,2212
Q5K651,FGNALNWAKQAKIIEPD,1107
Q5VSL9,DFRIHVTDKKWTELDTN,112
Q9Y5P4,CRGSICLSKAVITPHDF,73
Q7Z3J2,KPITVTESKTKKVNRKG,44
Q9Y5B9,EGSLVINSKNQYKLKKG,366
Q8WXH0,WDEEIENLKQILNNYSA,4009
Q53LP3,RVDPADGAKYVHLKKRF,75
Q9P2E9,EGMLRDLQKSVEEEEQV,1147
Q9NRK6,GKEMTEIEKYASKVDHV,376
Q8WXH0,EKAQEIQKKMWDELDLW,3722
O95071,VCHKGHDCKLKRTSPTA,1222
Q96KP1,TPSTLHDQKRYIRYLSD,354
Q5THJ4,PFRIDNFSKVPVVFTQH,3524
Q9BYT8,LEKSIKMGKRNGLHLPE,174
P30044,VFEGEPGNKVNLAELFK,75
Q14008,FIMEGTKSKNSKQRAEC,1336
Q9NYK5,PLTKSCEIKFLTFKDCD,126
Q08209,ARKEVIRNKIRAIGKMA,399
Q9H270,QTKLEMLFKKNLFEMAI,366
O14802,LTFPEKVNKANINFLRK,398
Q8TEQ0,NKDLNGQSKFAPTVSDL,187
Q9H2U2,NANDPEASKFHDIDDVK,216
O95155,IHEVQEEMKNKEQWDQL,1056
Q8IWA0,QPTLVTASKDGYFKVWI,466
Q14203,NDGTVQGRKYFTCDEGH,77
P49902,DAVDWVHYKGSLKEKTV,211
P17252,ARKGALRQKNVHEVKDH,29
P39019,LEGLKMVEKDQDGGRKL,115
P18206,REATKWSSKGNDIIAAA,983
Q14008,DEVLRQEDKAEAMSGHI,1573
P04792,FAPDELTVKTKDGVVEI,112
Q8N999,YLWARLDRKPNKQAEKR,81
Q9Y619,QPFDTMKVKMQTFPDLY,36
Q12923,DLPVVPSSKRSAVSAPK,1974
O14734,AQEGVIRVKPQVSESKL,311
Q5T1M5,ETSEQAQSKFKSEKQNR,707
Q9NVP1,AMQTFGVLKELMTHHVH,272
P49756,IGEKKLLVKVDAKTKAQ,160
Q0ZGT2,AEILLSSSKPVPKTYVP,16
P41227,GHITSLAVKRSHRRLGL,78
Q8N122,NWQPRARYKQSLDPTVD,120
Q9BYT8,KSVTLYTVKDKATGEVL,424
Q9Y619,GFCQQVVRKVAGLDKQA,94
P27361,APEIMLNSKGYTKSIDI,220
Q9H792,ENREEVVGKIRSLHTDA,1289
A2RUC4,LLIQVTGKKRVVLFSPR,175
Q6PJI9,KAKLLKILKDTALQKVK,466
P46940,TCLDNLASKGKVSKKPR,1541
O95319,ISAKVFIDKQTNLSKCF,458
P17252,EIQPPFKPKVCGKGAEN,617
P09543,KKSSETLRKAGQVFLEE,204
O60934,KTFIFLNAKQHKKLSSA,233
P0CG47,NVKAKIQDKEGIPPDQQ,109
P42704,DVLCKLVEKGETDLIQK,868
Q9P2E9,KEVQQLQGKIRTLQEQL,779
Q8WWI1,RQRSASVNKEPVSLPGI,1496
P42680,YCRNMNRSKAEQLLRSE,256
P19447,RMQILQNFKHNPKINTI,597
Q86UU1,VEQLKVRVKELEQQLQE,735
Q6P2Q9,LSEAWRCWKANIPWKVP,721
Q8N3R3,QKPGFKSLKPTQLTFYV,81
P22059,YKALWFERKKDPVTKEL,775
P26232,KASYVASTKYQKVYGTA,889
P11940,GIDDERLRKEFSPFGTI,312
Q9UHY7,LDRKTTALKQLQGHMWR,111
Q9NV70,EKVANESQKTPRDVVMM,722
Q86X27,DSEKGNSYKFQAGNRMN,548
Q9UPQ0,EEERKKMEKLLAGEDGT,394
Q9H074,RAPPSSQDKIPQQNSES,103
O14964,SIKKKVNDKNPHVALYA,56
P78527,SALSRAAQKGFNKVVLK,824
Q9UDT6,LKPPGRGGKHSSPMGRT,15
Q8IZH2,XXXXMGVPKFYRWISER,5
Q13428,DPDGKQEAKPQQAAGML,1248
Q460N5,RVTQHLCLKGPSADVYK,511
P42694,CEQACESLKRQDYEMAL,18
Q9Y3D5,DPAYLKDPKVCNIRYRE,134
Q9P2E9,HHQKVEKKKKEKTVEKK,61
Q9NSK0,VYRDQNKYKEAAHLLND,270
P28328,HIFCYFCAKSSFLFDVY,269
Q96P48,VDDVSSALKRFLRDLPD,1032
Q9Y2L1,KHKLADICKNLNFRHKM,815
Q53FA7,PLVTAGSQKKLQMAEKL,176
Q86UP2,FKILNDQNKALKSEVQK,708
Q9NVA1,EKNPQSILKPHSPTYND,288
P09486,QNHHCKHGKVCELDENN,81
P04114,LKEFLKTTKQSFDLSVK,3166
Q9UI10,LRKEKKQQKKKRKEEKG,47
Q69YN2,RYHFAALEKTYYERLPY,199
Q15397,LIEQDKKMKENGREGCF,569
E9PAV3,PAQAGLTTKKDPTVLPL,554
O76003,AAPCMLFMKGTPQEPRC,151
Q07157,ASHLSEPAKPAHSQNQS,1385
A2RRP1,SHSFILSLKNSEQETLQ,1977
P20810,AGITAISGKPGDKKKEK,123
Q04837,RDVAYQYVKKGSRIYLE,103
P27824,GAYVKLLSKTPELNLDQ,170
Q9P253,KEAICSSLKAYNHHIQE,810
Q8ND76,SEVPPDYDKHNPEQKQI,163
P35659,VTMKQICKKVYENYPTY,349
P04114,KLIKDLKSKEVPEARAY,768
P36543,PRMIVRCRKQDFPLVKA,138
Q15691,FKILQAGFKRMGVDKII,83
O60841,LKKQKKNTKDEFEERAK,784
Q9H9P8,SYGVTEMYKACFLGATV,374
Q53S33,ELRVTQILKEKFPRATA,41
Q5K651,NIKQNEEAKTRRKVAGY,1291
Q9P2E9,SAECQNYAKEVAGLRQL,1221
P54886,ITDIVEGKKVGTFFSEV,348
P49756,EEEKGKKEKERQEIEKE,300
O43683,SPIQEKSPKQALSSHMY,663
P42680,LYGVCTQQKPIYIVTEF,436
O75648,PNPDIVCNKHIKFSCFF,103
P09382,RGEVAPDAKSFVLNLGK,29
Q8IXI1,QFVQRVFEKHDQDRDGA,315
Q7Z4G4,FLHSDSTYKIKIHTFNK,109
Q9UHV9,KSSGSGAGKGAVSAEQV,18
P43243,QKLKKFLNKLAEERRQK,836
O00116,DSKFIFNKKGQIELTGK,108
Q92540,KTPVSEARKTPVTQTPT,631
P0CG47,IFVKTLTGKTITLEVEP,163
Q5TC82,VLSRPMQRKLVTLVHCQ,136
Q8IY17,LATNSSGAKVAERDGFQ,25
Q6ZNE5,EQLKQTICKGNEEMEKN,129
A3KMH1,MNKIPKDNKQRLEILKT,1783
Q99536,SASKHEALKENGVTHPI,230
Q6IA86,KTLLASACKAAKKEHAA,587
Q13547,RDIGAGKGKYYAVNYPL,220
Q5SSJ5,PMASSPRPKMDAILTEA,160
Q13554,QMLTINPAKRITAHEAL,259
Q8WXH0,ILSQIRKCKVTHDGILA,2769
Q8TB22,INYATNGAKFLKRHMFD,537
Q08378,LELEHEKGKLTGLGQSN,1120
Q14644,MIKRAQGRKRFGMKNFK,591
Q9NZM1,EQLCIVAKKEHFWSIDQ,1866
P49821,GLKWSFMNKPSDGRPKY,104
P05556,AVTTVVNPKYEGKXXXX,794
Q9NR12,FAERYAPDKTSTVLTRH,238
Q6NZI2,LPAKLSISKSLKESEAL,170
Q5TC82,SHMQSIIDKLQTPASFA,323
Q13555,EARICRLLKHPNIVRLH,69
Q8TDB6,EQFLESEQKQQFSPSMT,198
P46821,EVKKETPPKEVKKEVKK,707
Q01970,TGRYARLPKDPKIREVL,82
O00159,DRSELSDKKRPETVATQ,595
Q8TDW0,STAGALDKKEGEQAKAL,233
O60934,XXXXXXMWKLLPAAGPA,3
Q86UP2,KEKTVQDLKQEIKALKE,835
Q1KMD3,TNRRNNRNKRNRQNRSR,648
P49406,QKVPVNELKVKMKPKPW,221
Q9BZF9,LKSNIVELKKQLSELKK,824
Q9NZJ4,SSEGKMTLKKIKWVPAC,1152
O95671,LSRVAESCKPGAGLLLV,547
P37837,ARRLIELYKEAGISKDR,130
Q08378,SAQKEMKTKHKAYENAV,995
Q86UP2,LNDQNKALKSEVQKLQT,711
O00499,LRTYLASVKAMHEASKK,73
Q8TD19,KRRREMEEKVTLLNAPT,318
Q8WXH0,EKAMEPTMKFSLASVLR,1088
Q96AG4,RRKEYDALKAAKREQEK,207
P42574,TNGPVDLKKITNFFRGD,138
Q8WX93,VTPAGFPKKASRTARIA,884
Q9NP81,QIRSLEEEKAAVTEAVR,110
Q86V48,TSSETVFGKRGHVLGNG,541
Q9NUT2,LTTDVQEFKSSFKLVIS,263
Q16666,LFCFRLRKKNQMSKLIS,372
Q96N67,VEISTGERKGSWSERRN,430
P07814,LEVGPRDMKSCQFVAVR,1375
O43395,EQRKVKKIKKLKEDISQ,531
A6NHR9,LPHYDTLVKSGMYEYYA,126
Q01658,VKEVLQECKTVALKRRK,95
Q9Y4W6,LKLDSTLEKDKLARKLA,502
Q14974,KTLATWATKELRKLKNQ,867
P18206,NQGIEEALKNRNFTVEK,228
Q5T160,VAHKTLQIKDSPPEVAG,542
Q8TAQ2,APTPEKPRKVHAKWILD,236
Q01826,HTTVRNALKDLLKDMNQ,194
Q8TDD1,RELALQTLKFTKELGKF,184
Q92878,VKEYQMELKYLKQYKEK,211
Q9P275,GDGVPAPQKVLFPTERL,102
Q13547,VKTEDEKEKDPEEKKEV,451
Q63HR2,VSAYMHYSKISAGADQA,250
Q9UPM8,GKEGYLPKKESKTGDES,719
Q9Y617,QKLAAFMKKFLEMHQLX,363
P00338,VHPVSTMIKGLYGIKDD,278
P55265,VKGDSLSLKGETVNDCH,902
P51649,WYNLMIQNKDDLARIIT,135
P15170,SKTRPRFVKQDQVCIAR,448
Q14914,TTHSISDGKDLEKLLTE,100
O95202,FRLLWIDTKIAARMLWR,176
Q9H9A5,PAFTTVQRKXXXXXXXX,744
P05120,ILQAQAADKIHSSFRSL,102
O15357,EEPLTPRLKPEGAPEPE,962
Q14669,DWAARFSPKVSLPKTKL,269
Q9NW13,ELLKHQKLKDQNIFVSR,478
Q01433,ASYPSGSGKPKAKYPFK,64
Q9UPT5,NKRKDTPTKKPVKRPGT,263
Q8NCA5,PKRSVLSPKTTISVAHL,261
Q96AB3,FKEIQKLIKEPAPDSGL,185
Q9NTJ3,LEDVQVREKLKHATSKA,403
Q86TV6,QGASPRGPKPQLTEVRK,72
P42704,FGLAYLFRKVIEEQLEP,1224
Q9P275,FYLRIPGSKKSPEGLIS,427
Q7L1W4,LGQCRMLKKSGLVVEDH,825
P49916,VKGVCRIGKVVPNPFSE,121
P46063,KMFMSRLEKAYEARRFT,206
Q96Q42,RTEVWTWGKGKEGQLGH,533
Q86UP2,KNGSDDQDKKVETLMVP,179
Q3YEC7,CKKRGDGLKMENDPQEA,115
Q86V48,NEKEKENEKLIKELTQK,209
P26640,QQTEAELRKVDEAIALF,1252
P26640,KPKPEKREKRDPGVITY,272
Q96BY6,IMNFYKDEKISKEPKGC,230
O75323,KKETSNLYKLQFHNVKP,75
O75400,KEEAKQAFKELLKEKRV,401
Q5VZF2,PGALHPLPKRQALEKSN,280
Q9P2X3,AYRIYCEDKQTFLQDCE,229
Q9NZM1,WIPGNEENKQKTDVHYR,1828
Q96FV9,SNTFYSAGKNYLLRMCN,133
Q99973,QFDEYQLAKYNPRKHRA,379
P18206,KNLGPGMTKMAKMIDER,170
O95347,ALEAVKRLKEKLEAEMK,458
O15091,IVNRFPGSKLTFQRILS,536
P78527,CSKPVVLPKGPESESED,499
Q9UGI8,LLSNEEDRKVGKLFEDT,62
Q9H9A5,NEAMESSGKRAPQCYPS,628
P18206,IQCAKDIAKASDEVTRL,1024
Q9NP80,KYSDKSAEKSPFPEEKS,167
Q7Z4V5,GPLGGRKKKKAPSASDS,226
P46940,EYLLLRLFKTALQEEIK,1027
Q9Y4F5,MLQSRSVDKQHAVINYD,41
Q9NZM1,YIKITLGKKVIEDRDHY,1585
Q8IUR0,MEARFTRGKSALLERAL,9
Q07866,LYGKRGKYKEAEPLCKR,314
P22830,IEYSQVLAKECGVENIR,358
O76031,VVLSEADSKKSIIKEPE,143
Q0JRZ9,GEEQVKSHKKTKEEVAG,113
Q9UPT5,RREIEDKLKQEEETLSF,19
P11940,SGVGNIFIKNLDKSIDN,104
Q8NHP6,VTKNIVAFKVRTTAPEK,363
Q0ZGT2,RSGAPWFKKPLKNTSVV,586
Q8WWI1,RYEEMQKIKSQLKEQDQ,728
O15084,YMGHIEVVKLLVSHGAE,190
Q9UKV8,MATQCVQMKNVQRTTPQ,550
O00635,RQKIRSDFKNLQCFLHE,184
Q15642,TEVEQAYAKQLRSLVKK,44
Q92878,LVGPNGAGKTTIIECLK,42
Q9NP79,FARAQKYCKYAGSALQY,277
Q13439,EREKQKLGKEIVRLQKD,1944
O15198,LSCPGQPSKCVTIPRSL,67
Q9BSJ8,LTVGDSSHKTKTISQTS,833
O15091,EDLKENTGKTSFESWII,137
Q6P2E9,KVKIQPVAKYDWEQKYY,125
Q07157,KVTLVKSRKNEEYGLRL,194
Q9NUQ7,IKRKFMRKKDKKLSDMH,104
Q0ZGT2,EDVSSKVEKAYVPKLTG,92
Q16204,LASLQQENKVLKIELET,71
Q9UBU9,SALKAVNYKILDRENRR,178
Q13561,ARLQSVLGKVNEIAKHK,289
Q5MNZ6,TRIATASEKGTLIRIFD,206
P11940,SQRDPSLRKSGVGNIFI,95
Q9H3S7,EKSMLDNRKSFLVARIS,199
Q8N5C6,LMGVDPGYKHGCKLAII,547
Q9Y263,GANQQTSGKVLYEGKEF,393
P27635,TGMRGAFGKPQGTVARV,121
O95139,GPMEKFWNKFLENKSPW,49
Q15021,QRASKKKPKVVFSSDES,1362
Q86W11,LYECFDCGKAFCQSSKL,308
Q9BZF9,KQENDKLKKEIFTLQKD,1035
Q96RF0,KQGKRKAEKDEMVGANF,399
Q13601,SMTVCTTKKTFDPYIII,106
O95453,VFPRLLDTKLMASTQPF,326
Q8WVM0,VHGDVLTFKVEKAFSES,116
Q96FV9,QCYEKISWKTFLKYSEE,258
Q16585,GVKSLNVQKASTERITS,202
Q12802,GLPVALQDKAVTDPQGV,1139
Q96FQ6,YVSKYSLVKNKISKSSF,30
Q5JRA6,AGNQMNDRKIQQESLGS,571
Q9UIG0,RSKKANLGKNASMNTQH,963
Q86UP2,TLLQLECEKYKSVLAET,1138
Q86X83,LQLYLDNRKEIRTILSE,108
Q9NVP1,LPVLAIHGKQKQNKRTT,458
Q9H074,GSVLEDAWKEKGKMDME,335
P22059,EETLEQLAKQHNHLERA,313
Q8N9R8,FDVYTKLWKFQQQHRQV,103
P06737,AKIHSDIVKTKVFKDFS,465
Q96K76,LSVSSKTLKAEGFFRSN,782
Q9Y4W2,FRYLPKAIKAWNNPSPR,295
Q8WXH0,HLPLVPPNKLEEMKRRI,462
P07814,LKPVWYSPKVFIEGADA,549
Q7Z3U7,MDMAYGNNKEPSLFAVA,788
O75533,LPFLKAVCKSKKSWQAR,653
Q9UH65,FEISASDKKKKQEWIQA,292
O43837,YATKKGRGKVTAVHKAN,212
P14618,PVAVALDTKGPEIRTGL,115
Q86UP2,ELQNLLKGKEEQMNTMK,872
Q9Y3U8,GTHIRAKRKREELSNVL,86
Q9Y2U8,PNSLTPCLKIRNMFDPV,787
Q9UM54,PDHLAELVKRVNHWLTC,782
Q00765,RFDRFLHEKNCMTDLLA,16
P54619,NNLDVSVTKALQHRSHY,264
P51649,KERSSLLRKWYNLMIQN,126
O95299,VDGNICTGKGKLAKEIA,70
Q9NVV4,TVLIHCPEKISENKFLK,85
Q00653,KLPSTAEVKEDSAYGSQ,863
Q5T160,LRFDEVLYKSSQDFQPR,511
Q92797,VPPSPELVKRVRDLYHK,875
Q92466,ARLLTTDQKSEIRVYSA,309
P26640,LGYRHFCNKLWNATKFA,952
Q8TEQ0,LERLLDAVKQCQIRFGG,22
Q9BUQ8,LSNLKAGAKDILVATDV,715
Q14161,SELAKAAKKKLQSLSNH,268
Q13554,IHNPVDGIKESSDSANT,392
P02792,KPAEDEWGKTPDAMKAA,92
Q9H1B7,TPYEVRFKKDHSLLGRV,394
Q9NSD9,VMPDGKIQKLIITEETA,107
Q14203,VADYQQTIKKYRQLTAH,518
P13984,DKVVTTNYKPVANHQYN,154
Q7Z4V5,PKDLFPYDKCKDKYGKP,63
Q9NQC3,EVVSSEKAKDSFNEKRV,366
P98082,ARFKGDGVKYKAKLIGI,49
Q9NRN7,EFFHIMKRKFTNKEWET,151
Q96N21,GSPGPVTNKATKILRHF,340
Q16666,EMHSFIQIKKKTNPRNN,389
Q9H0A0,GGWLAAFWKDFRRRFLA,769
O43175,GLIVRSATKVTADVINA,58
P12268,NRYFSEADKIKVAQGVS,436
Q8NCE2,GSKVERIEKRCLELFGR,59
Q9UNN5,DVEDSTVLKSLHLPKNN,157
Q12906,FQGAGSNKKVAKAYAAL,574
O60934,VLTLKDNSKYGTFVNEE,73
Q15031,PQLLSNKEKAEARKLWE,722
Q9UDT6,FGLFAPIHKVIRIGFPS,284
Q00341,SRMENERTKDLIIEQRF,510
P42680,ALPPAPETKKRRPPPPI,164
P18583,DSSLRSRSKRSKSSEHK,1827
Q9UPN3,KEQVSEAIKTSQIFLAK,1486
Q9UKV3,PPAEHEVKKVTLGDTLT,970
Q8TEQ0,EPVFWYYVKEVLNKHEL,91
O75475,PRGRPKMVKQPCPSESD,201
Q6P2Q9,EKLQEKARKWQQLQAKR,36
Q15020,PQTYGARGKGRTQLSLL,908
Q14683,RHNLLQACKMQDIKLPL,934
Q9P0K7,EKVASLLGKKGASATKH,41
Q8WWI1,VVHEDQGKKPQDQLVIE,1337
Q9Y2U8,ESTRPVYLKKLKKLREE,41
P50454,GTAEKLSPKAATLAERS,39
Q96N67,NDKLEAPRKSRFPERFM,1034
Q8TD19,LGDYGLAKKLNSEYSMA,200
P55809,GGSPIKYNKDGSVAIAS,176
P46940,VSKKPREMKGKKSKKIS,1552
Q6ZNE5,EKIQRHNRKLGDLVEKK,171
O75534,NYEVGDSKKLFFHVKEV,697
Q7Z4W1,RVLVTGAGKGIGRGTVQ,17
P46063,TMLNASSSKEHVKWVHA,167
Q04721,ANRDMQDNKEETPLFLA,2009
O95071,DNERGSTSKEGEPNLDK,337
Q15555,FKLLQASFKRMNVDKVI,126
O75832,TPLHYAASKNRHEIAVM,116
Q13838,ARNKSLNLKHIKHFILD,188
Q99961,QNLCEKDLKEIQHHLKK,152
P25445,DTLIKDLKKANLCTLAE,300
P36776,YKALSLLKKEFELSKLQ,368
Q14683,AFGGHQRHKTVALDGTL,637
Q7Z2W4,NFKIEKIKKIENSELLD,761
Q9UDY4,XXXXXXMGKDYYCILGI,3
O60841,IDRLYDWKKSPDSDVAA,766
P11413,PTEADELMKRVGFQYEG,497
Q86UU1,VLGHVEQLKVRVKELEQ,731
P14735,VAWTKDELKEALDDVTL,701
Q99536,FEKVADAMKQMQEKKNV,372
Q13426,ESCYFFFEKNLKDVSFR,99
Q9BZF9,TLQKDLRDKTVLIEKSH,1047
P06737,VENVAELKKSFNRHLHF,30
Q13547,PDNMSEYSKQMQRFNVG,89
P14618,ENGGSLGSKKGVNLPGA,206
Q0JRZ9,QKMTETAQKFQDIEETH,201
Q9P2E9,EAKAAAFEKQVLQLQAS,864
O95571,TDFQQGCAKTLYHSVHE,172
Q9Y2A7,SAVKFIVRKFPAVETRN,63
Q9NW15,MKLVTENLKEEPMESGK,648
Q53H96,AQGLIRAGKVEAQHILA,32
Q8NHV1,FSNSKKTSKAEKESQVQ,175
Q13627,VAIKIIKNKKAFLNQAQ,193
Q96AG4,VAGDCLDEKQCKQCANK,135
P04908,IRNDEELNKLLGRVTIA,96
O94925,QRHSTGDTKVPFCLQSC,279
P78527,AIRPQIDLKRYAVPSAG,263
Q99973,QLAKYNPRKHRAKRHPR,384
Q9BQS8,LQEKLKAAKAAAGSLPG,969
Q14739,KKYGVAWEKYCQRVPYR,601
Q6P2Q9,GFECRILPKCRTSYEEF,1199
P78347,EEKAAEMHKMKSTTQAN,92
Q9H3S7,TPALSPEDKAVLQNLKR,550
Q16881,ATNNKGKEKIYSAERFL,300
Q5K651,FDTGMGKSKFLQDMHTL,1026
Q9Y697,LITTQTEHKCVLDSCRS,157
Q96MF7,DLKLLVEKKFLALQSKN,107
Q13976,QELKRKLHKCQSVLPVP,42
Q9UKX7,ACVGNAYHKQLAALNCS,158
Q15276,QLMFEEKNKAQRLQTEL,803
Q9NWX6,LPTEMEGKKMAVTRTRT,264
Q96B97,PSLFGTEGKPKMEPAAS,596
Q13439,EVDLNKSLKENTFLQEQ,1148
P0CB38,RIRGCQGVKLYIKNLDD,294
Q9HAU5,AVASIVEAKLKISDVNC,213
Q96E11,MKSVIEALKDNFNKTLN,100
P10599,PFFHSLSEKYSNVIFLE,48
Q53FA7,LRSRDNKYKQMLVNAFT,274
O00203,RSTDPTMIKTLKLEILT,386
P42704,TGNYKEAKKIIETPGIR,909
P32321,XMSEVSCKKRDDYLEWP,8
Q92540,GEKPVVTFKENIKTREV,548
P78527,YISLLADTKLDLHLKGQ,1683
Q9UP95,FCQVVVASKVREGLAHL,769
Q16658,ASASSLKKKQIWTLEQP,43
Q8N5C6,FDFRTDFDKPDFKRSIV,903
Q9Y3D5,MGFMPVTYKDPAYLKDP,125
Q05397,SVKAKTLRKLIQQTFRQ,222
P78527,LPGDEVDNKVKGAAGRT,2715
O60264,RGPKPSTQKRKMDGAPD,1034
Q15397,FQPANKFNKKRKFQPDG,90
O00203,GENCERVPKIAPDVLRK,512
Q8TEQ6,DAAKVLAKKGDAASLRT,1062
P14618,VETLKEMIKSGMNVARL,66
P27816,PSKDMGPPKENKIVPAK,400
Q8WXH0,DVIGSRVKKLKETFAFI,6016
Q8N3C0,KIVYVAPMKALAAEMTD,540
Q9Y6B7,PILNGLRDKASYVRRVA,132
Q8IYT2,EECCVFFHKYQLETISE,369
Q8TDB6,SEASELDKKEKGICVIC,556
P28328,VGQSVLNIKYKNDFSPN,84
P20810,TPAVPVESKPDKPSGKS,143
Q7Z478,LELLAYLDKSPQFRNIE,859
O95202,SEDLQEIKKELSKTGEE,588
P49915,TENGKVILKNFLYDIAG,204
Q6NZI2,VRKVSVNVKTVRGSLER,122
P49915,DPAIFTIGKPVLGICYG,98
Q9NR30,KKEKPKSDKTEEIAEEE,40
P67936,GLNSLEAVKRKIQALQQ,11
Q5JRA6,QKLSNYEQKIKESKKHV,1240
Q8WXH0,KKAQLKIYKKFLKKAQD,2186
Q9UGI8,ILTNPVAAKKNVSINTV,101
Q8TB22,ATNGAKFLKRHMFDVAS,540
Q9Y5P4,EAALDRQDKIEEQSQSE,335
P04114,YFSIESSTKGDVKGSVL,3497
Q9NV70,MDLAKGHIKALQEGDLA,288
Q8WXH0,LLLWLASAKNRRQKAHV,6681
Q5SWX8,DEQPKQPIKTTMLLKIQ,421
P19367,TSDVSAIEKNKEGLHNA,344
Q9H6D7,QEVEEQLKKKCFTLLCY,174
A6NHR9,RTVAEKAVKKYVEDEMA,679
O15269,GIFAVLKEKCGQIHKAL,369
Q9NV70,XXXXMTAIKHALQRDIF,5
P30086,HHFLVVNMKGNDISSGT,93
Q9UKV8,VREFGIMVKDEMTDVTG,402
Q8WWV3,AWVIDKYGKNEVLRFTQ,53
Q9UPN3,ALKVINKVKLEVQRQLI,2107
Q5T5C0,VICSEKQAKVISLPTQN,924
Q9Y263,AEEIKAFEKELSHATID,315
O95347,NANVLFKTKFVDGVSTV,1160
Q9H6D7,INAQYLEVKCGAMILKL,271
Q00341,SGKLDAVMKARKDIVAR,138
Q9P0M9,SKKSGGSSKNLGGKSSG,40
Q9UIG0,CDFEVGKEKMLKVKIVK,128
Q15021,AQILQGCAKQALEKLEE,895
Q9UHB6,VEIFSKYQKAAEETNME,43
O00291,INTQEVAVKEKHARTCI,56
P51398,LNQIKVQEKYVWNKRES,207
Q15404,EYIRSETYKYLYGRHMQ,243
Q9Y6D6,LHSPQVKNKMTKEQYIK,846
A3KMH1,DKWLLVESKTNQKYLLT,1286
O94855,TNVYDSLAKDCVAHGCS,623
Q9P015,WVVNMADKKILKPTDEN,281
Q9UPN3,ARVKSKREKREVIVEES,2982
Q9Y2S7,HGSKEVKGKTHTYYQVL,129
P22830,TAQHAQGAKPQVQPQKR,57
P38606,IKWDFTPCKNLRVGSHI,139
Q86UP2,AQLNETLTKLRTEQNER,1268
Q13155,FLFSLFGQKHNAVNATL,224
P42356,NSVANWRSKYISLSEKQ,1531
Q5T5C0,IWNVRSPAKPVQTITPH,271
P06737,GVENVAELKKSFNRHLH,29
P09038,REKSDPHIKLQLQAEER,194
Q8TCG1,TKVQEEKIKTLQKERED,816
Q13200,PKVPDDIYKTHLENNRF,350
P19367,ELKDDQVKKIDKYLYAM,21
Q9P260,FGKIFTNTKVKPQFQEI,877
Q7Z2Z2,SGQLIATMKEACRYALQ,966
Q12888,SIEKEGQRKWYKRMAVI,1579
Q9Y6D9,AELKNQRLKEVFQTKIQ,619
Q7Z3U7,EVVVDLYQKTACHKAVV,1423
O00410,VEIADTVPKYLRPHLEA,249
Q9UPN3,SELNLLVEKMDHVYGLS,1141
Q9P0K7,QLTNVSRAKAEDALSEM,694
Q14683,VEDELKEKKKELGKMMR,267
Q9H792,PELEREDGKEDISDPMD,1091
O00767,AYDRKKVSKAAILARIK,341
Q15019,ESDEDEDFKEQTRLLKA,225
Q13428,SLGNILQAKPTSSPAKG,579
P62873,LRQEAEQLKNQIRDARK,15
Q9NWH9,DGEEEENEKDIAGSGDG,196
P42694,PQDSLAQCKELQDHSNQ,1785
Q9Y305,KEVPLVFPKTYGESMLY,407
P31937,NGILKKVKKGSLLIDSS,125
Q8WVM0,LLDLRLTDKIVRKAGNL,46
Q10713,FCPTENVAKINREVLHS,232
Q9BQS8,ARSPFLQPKLSSDIVGQ,145
Q9H792,EIITATQYKKCDEFQTG,1588
P18583,RSVSKEKRKRSPKHRSK,1892
P15848,NNWPLRGRKWSLWEGGV,318
Q8TEQ6,NFWQGVKSKVTALCWHP,428
Q15477,GYYAAVEAKKERMSKHA,525
Q96SI9,FQARANGLKSCVIVLRI,216
P46063,CKDSAFERKNITEYCRD,487
O95071,TECARVCHKGHDCKLKR,1217
Q86X27,RKDKTTFEKLEYVMSKE,172
Q14573,AAEPLDRSKFEENEDIV,955
Q9NQ48,KKPILDVTKPKLAPLNE,135
O14617,LLYGMVSKKNLMEIVKK,371
Q6ZNE5,ILDVNLPKKLCNSEFCG,328
Q8N8S7,NCAIPKGLKYNQATQTF,69
P78527,CVNLMKALKMSPYKDIL,1407
Q6YN16,ENFDVYAIKPGHPLQPD,263
Q9H2U2,IKSTHQCWKALLMKKCN,276
Q9H074,EDAWKEKGKMDMEEIIQ,339
Q9Y4W6,RVIGGLEKKTQVLQPEE,559
O43175,FMGTELNGKTLGILGLG,146
P78524,RELRKCRAKGLFEQRVE,1097
Q13085,LTELTQLSKTTNAKVAL,1071
Q9NTJ5,RYIAFDFHKECKNMRWD,342
Q7Z6Z7,LDNMNVSRKGKNSVKSV,3403
Q14CX7,LRFFHSNQKDTSEYIIQ,575
P36776,QEQLKIIKKELGLEKDD,405
Q9Y5X1,SSMKIPLNKFPGFAKPG,207
Q16513,SNGSSKDRKLHGTAQQL,171
O60306,RFLSQLIQKFISVLKSV,228
P49257,QNRIHLEIKQLNRQLDM,346
Q7Z6B7,NLITKLQAKHDLLQRTL,459
Q9NQC3,DHYLGLANKNVKDAMAK,1171
Q13216,TASADSRVKLWDVRRAS,212
Q9HCE0,TLSVQMLWKLFYLMHQV,722
O14979,RGFGFVLFKDAASVDKV,197
Q9H2W6,ELGDYLKPKYLAQVRRF,267
Q5VYK3,SSTQEGVRKKVMELLVH,56
Q6GMV3,KEEVGQYLKKFRLFKXX,134
Q9NQW7,CADLSPREKVWVSDKAS,287
Q5SSJ5,GKGKSTMKKSFRVKKXX,547
Q9H6R4,WLRQRELDKGQGGFTGF,342
P30519,TQFVKDFLKGNIKKELF,59
Q9P275,ADSKTVKLKSPVLSNTT,666
Q86YR5,SGNLGNTLKVLGRFDEA,117
Q9ULJ7,QRKLDILSKLLVDGLGN,394
Q9H061,MENHKSNNKENITIVDI,9
Q8WVV9,AVTHLNNVKLFGKRLNV,396
Q13439,NKFSEWKKKAQSRFTQH,1448
A0PK00,QKKHLKDLKLTLQRCKR,58
P00533,EMEEDGVRKCKKCEGPC,325
Q9P2K8,SPEVQGSTKSAYNQKVD,917
O94925,NFAIGYYLKEKKCFPEG,396
Q9Y5X1,IPIPSLPDKQVTGRFEE,313
O14562,IGTKERTEKLPMGSIKN,250
Q6PJI9,DGDVRIWDKRKPSTAVE,177
Q9Y613,YEEISKGRKPTLILRTQ,107
P04114,SAEYEEDGKYEGLQEWE,3963
Q14764,AEVEVKKFKQMTEAIGP,796
Q9Y6N5,IQLDYEKIKGLPEGFAH,155
Q9BYT8,FLKREPNQKAFLMSRGL,693
Q96RK4,AGGTSQFTKPPSLPLEP,493
P78527,AKDSPLETKMAVLALLA,1642
O75962,MIEEHSQLKKKVIKAPI,264
P20936,VLHIEEAHKLPVKHFTN,605
P25445,ANLCTLAEKIQTIILKD,309
P02751,EAEETCFDKYTGNTYRV,100
P82650,KILTPIIFKEENLRTMY,211
O00203,LREFQTYVKSQDKQFAA,414
P10155,KALDAAFYKTFKTVEPT,359
Q00341,AKITQQMPKVHIEFTEG,396
Q04771,SNGIVEDYKPPFYDVVP,428
P56192,VPLEGFEDKVFYVWFDA,513
P34897,AKVIPSPFKHADIVTTT,269
P17252,VLGKGSFGKVMLADRKG,352
Q5JPH6,DMLNGELKKLSEGLEGT,471
Q14203,DRNLNLEEKVRELRETV,453
P49915,IEPLKDFHKDEVRILGR,416
Q16881,VNVGCIPKKLMHQAALL,218
Q96CB9,PSRIARLQKILHSYVPE,215
Q9H3M7,GQTKVLTQKLSSVRGNH,233
Q01970,LRKAYTKLKLQVNQDGR,161
Q13085,PKLPELLLKNGIAFMGP,224
P17844,VLNEFKHGKAPILIATD,391
Q9NUQ6,AEQPCNPSKPKAKTSPV,189
Q969G5,AAPPPTPVKPPRLGPGR,208
Q3YEC7,KWSSIPASKPRRGTAPT,505
Q15276,NQLKHTWQKANDQFLES,282
Q96BY6,NIKEEGAMKEDSGMQDT,1794
Q96HY6,PAETHLSGKIGAKKLRK,116
Q86UP2,NEVQSLHSKLTDTLVSK,535
O95639,SGEKTVVCKHWLRGLCK,69
P50454,LTEAIDKNKADLSRMSG,334
Q9NSD9,NNIQMTLPKTYTIANQF,383
P49792,LKNASTAKKCVSCQNLN,1371
Q96FV9,ENMVENEYKAVNNSNYG,485
A6NNL5,ASRAAARPKPSASEVLT,29
Q96A49,KMRFALVPKLVKEEVFW,191
Q96F86,NGTGKFVKKPASSSSAP,106
Q9BQG0,QPPSMGRKKRNRTKAKV,1212
O60716,ARNKELIGKHAIPNLVK,749
O43395,FGDDSEISKESSGVKKR,103
P55265,ETAKNYFKKGLKDMGYG,1201
Q9NUQ6,NNRLNGPAKSQGSGNEA,451
Q0IIM8,EEGKHCFAKEDDPEKFR,133
Q8WXH0,LEKQINKEKKLIRRGRT,964
Q13409,XMSDKSELKAELERKKQ,8
Q9NZJ4,WINMSTSNKTRPFFDNL,3022
Q96SZ5,FPENLSKLKSLLTQLRA,55
Q9UPN3,FKETEILAKEREKGRIE,367
Q92797,KRDIELLLKLIANLNML,109
A6NHR9,VCKLDSVNKDLNSQLEY,1924
Q5THJ4,NTQDNSRRKSRDGSASE,751
Q9P2E9,ADQQQTRLKELESQVSG,990
Q06265,VSCELVSPKLNRATEGI,67
O60841,DSDVAATLKKQKKNTKD,777
Q9HD26,CKDTSGEIKVLQGFNKK,416
Q9UJG1,PYEFALKFKVLCTTPNK,51
P50579,AWRTTSEEKKALDQASE,155
P15170,GEFETGFEKGGQTREHA,196
Q13753,CQDCASGYKRDSARLGP,401
P06737,MLPVHFYGKVEHTNTGT,206
Q9UK45,MADKEKKKKESILDLSK,9
Q8N392,QAVQNLPTKKQQLQALN,432
Q9P1Y6,KSGEINPVKVANLVKAY,1615
Q16204,PRRSNSPDKFKRPTPPP,422
Q9H2U2,KAFALEVIKSTHQCWKA,269
Q13155,KNVPKTQMKFSIQTMCP,198
Q5TC82,QCSLDMKSKLNTSKQAE,1056
Q9UIG0,EVPGLFIEKGWVHDSID,926
Q16854,PEKLLQARKPVQIFERS,135
P23786,CVQFQRGGKEFLKKQKL,453
Q9H3S7,QQLLDRELKKKPPPRPT,713
Q9H0A0,GTGRSLSLKLIQQLRQQ,426
Q96RF0,ISVPHLPEKQATGRFEE,338
Q5VSL9,VFKSAPILKRALKVKQA,699
Q6P2E9,NISKLLKSKNLTDAIAR,1092
Q9BSD7,DVKVFNVTKENRNHLLP,171
P50570,NTEQRNVYKDLRQIELA,598
Q99996,AFRLEVKDKTDEVHLLN,3199
Q9BZF9,NKGRELWKKGPSLQQRN,268
Q7Z6B7,LQSRLATLKIENEEVKK,370
Q9Y617,LELNMLSLKGHRSVGGI,333
Q9UJZ1,SAINVAEGKKQAQILAS,221
Q8WXH0,LSEIEEEDKLLPTEDQS,2037
O43150,VKTNPEEKKCFDLISHD,364
Q9H9P8,VIHSGIYYKPESLKAKL,104
Q8IY18,VISSNTSLKVAQFLTVT,638
Q01085,ALAAMNGRKILGKEVKV,72
Q9BXP5,CPLSGKKFKGPEFVRKH,723
P46060,CGMGIGGGKILAAALTE,160
Q9NZJ4,EEKAIRLCKALREGLKV,4039
P19367,ADVVKLLNKAIKKRGDY,191
O00139,LQQQELREKRAQDVDAT,183
Q15257,TQNFIIPKKEIHTVPDM,28
P11274,ENIREQQKKCFRSFSLT,867
Q05823,TALMDAAEKGHVEVLKI,178
P49792,KERGIGNVKILRHKTSG,1220
Q8TAQ2,RLWLGKNYKKYIQAEPP,36
O95139,RELRRRWLKDQELSPRE,24
Q9BRS8,LWALATPQKNGRVQEKV,205
Q04771,LRIKKTLTKIDNSLDKL,497
Q96JI7,SSIFEEISKKYKQHQPT,2383
Q16555,KVFNLYPRKGRIAVGSD,398
Q9P1Q0,VKFLMSRAKDGFLEKLN,623
O95298,KTYGEIFEKFHPIRXXX,114
Q9BZQ8,AYQRGAAPKCRILPAGG,115
P62333,LYGPPGTGKTLLARAVA,180
Q96EP5,MQPERTRPKEGWQKGPR,98
Q96A26,TYNRVPLHKPTDWQKKI,62
Q9H2U2,EIPRWTNAKMEIATKEP,105
Q9P2Y5,LRQTLPNLKNFMEHGLM,455
Q8WWM7,QELARIAGKVPGLQNEQ,529
Q14203,EAKEALEAKERYMEEMA,290
P14735,QLYKIVPIKDIRNLYVT,308
Q9P2Y5,NINDKLTEKEREFPLYP,406
Q9BUQ8,DEHGDKKPKAQPLSLEE,138
Q96KG9,CELVGANPKVRPNPARF,249
Q8IV48,RLKYPPFAKKWINIRKS,255
O60841,LRVKNQYEKHKEVEAAQ,921
Q13620,VLAKNPKGKDIEDGDKF,800
Q9HAU5,DTKEAKESKENKEVSSP,507
P49792,FVFGSESVKSIFSSEKS,2522
Q2NKX8,KKKCPKLNKPQPQPSPL,749
Q07065,SEGNKQDLKALKEAVKE,287
Q8WWI1,ATYPSEIPKEDSTTFAK,844
Q15031,KLLAQGLIKGQTFRLPS,600
P62318,MLKNAPMLKSMKNKNQG,84
Q14997,RRLHRERYKKPSWLTPV,374
Q9NZM1,PEDTSSGSKGYMKVSMF,313
Q14203,VRLSLLEKKLDSAAKDA,979
Q0ZGT2,ERQRQENRKKQAEEEAR,263
P02787,VKAVGNLRKCSTSSLLE,683
P55011,KIRVFIGGKINRIDHDR,1061
O60306,QALNQLFEKIMALDIDE,865
O60934,NYFQPSTKKRERDEENQ,465
A2RRP1,VGPLDISPKDIVQSAIM,2034
Q15021,LLAKASYKKAIILTREA,531
P46060,FGDCLVRSKGAVAIADA,279
Q13555,SVVRRCVKKTSTQEYAA,34
O43175,ADVNLVNAKLLVKEAGL,394
Q9ULJ7,LTLEDFQRKLDILSKLL,388
P41252,WIDFDNDYKTLYPQFME,149
Q9NXF1,AEHLRKRDKLWGVCVSI,824
Q16630,GVGSEASSKKLMDLLPK,138
O95425,EGEGEGEEKEEDVCFTE,439
Q96JI7,HGQYNVLQKDHAKTSDP,401
Q9Y4W6,GGGKRGGKKDDSHWWSR,122
P49792,PTQKDLVLKIAELLCKN,99
Q9NUJ1,ALAIEEFCKSLGHACIR,101
O43159,KKGKKKCQKQGPPCSDS,98
Q15084,AAINARKMKFALLKGSF,368
Q9Y6U3,QMDDYLGGKPVQNRELQ,92
Q27J81,ALKENKDRKEQAAKAER,931
Q9NXE4,GLHHTSLLKRHISHQTS,277
Q92797,RSQALLFIKRMYEKEQL,737
Q86Y79,KPLGRLALKLGGSARGH,133
Q12980,MCGQKFELKIDNVRFVG,87
Q5SRE5,ILQLSNFMKEWHFHLPQ,1464
Q6PKG0,IPANRGEIKGSESATYV,289
O95678,EQIKTLNNKFASFIDKV,159
Q96JH7,GGDRSLQDKYLLRLVAA,408
Q14683,ALNLQEKSKLESELANF,736
Q9UPN3,EEVLLIQEKLDGIKTRY,5535
O14832,ARVHLVMEKGDTVFFHP,252
Q92878,RKIAQQAAKLQGIDLDR,815
P42680,KERLFVLTKSMLTYYEG,35
Q96AG4,SFAQLKNLKWLDLKDNP,111
Q9Y6D6,KKISMKETKELTIPTKS,888
P27816,GDVKIESQKLNFKEKAQ,1060
P27816,AGKVQIVSKKVSYSHIQ,997
P54886,VITDIVEGKKVGTFFSE,347
Q96RF0,IWSVLCRLKGATLTAVP,558
Q9Y4F3,TLPHSPQTKEYMENKKV,49
Q8TB61,TQVLAKASKVIPVMLMG,219
Q12906,PMEEDGEEKSPSKKKKK,381
P06576,AAQTSPSPKAGAATGRI,55
Q8IZQ1,QERQQNALKYVTEEWCQ,2338
A2RUC4,QYLYLKGTKSEVLNIDN,194
Q7Z478,TKSVDVTEKLACIVETA,1242
Q9NQ66,TPEGRIPLKNIYRLFSA,172
Q69YQ0,XXXXXXMKKASRSVGSV,3
Q9BZE4,VQPYAFTTKSLFVGHMD,203
Q12923,ENEMSDKSKKQCKSPSR,1640
P35659,LMHPKPSGKPLPKSKKT,191
P43243,GYSDSAVLKLAEPYGKI,515
Q66K74,LSRGPVPAKPTVLFEKM,380
Q96JI7,TFLVQELIKSKTPKQLI,1222
Q9P253,LVESVGWNKALGTESST,149
Q05823,KLLKLFLSKGADVNECD,114
Q9Y263,ANPTQILGKLKELNGTA,554
Q9UHV9,TLTQQLQAKGKELNEFR,111
P42285,TKKDKEKDKGKWKGPPG,31
Q5THJ4,RGTVTLLHKEQGTPQMN,513
Q86UY8,NDKRRPFRKMNEKGVLL,344
Q01970,MGRILVKNKKRHRPSAG,468
Q14192,TYREQPWHKECFVCTAC,183
Q9NV70,VCKAGKKKKNCFLCATV,34
Q7Z6B7,SISAESKLKEAEKQEEK,183
Q12802,EFHHVRTLKIMSGVYSQ,2014
Q5THJ4,IRYYFENLKISIPQIKL,3989
P15170,EKLVPFLKKVGFNPKKD,247
Q2KHT3,KYLYHVLTKNTTVTEQN,35
Q15021,QLLAKASYKKAIILTRE,530
Q9Y2D5,EEHLESHKKYKERKERR,264
P10606,DPYNVLAPKGASGTRED,68
O14727,QILLTTRDKSVTDSVMG,267
Q9NR30,YEQVDLIGKKTQKTAIT,402
P57057,SSTLVTHSKGYENGTNR,259
Q9NWS0,QPQPGFCIKTNSSEGKV,57
Q92878,XXXMSRIEKMSILGVRS,6
Q96JI7,YIFDLLHKKHYFEVLMR,2182
Q9BZQ8,SKTAVAIEKVKLRVLKQ,475
Q9H7B2,KALKPKKKKNISHDTFG,252
P61081,SAAQLRIQKDINELNLP,36
Q15717,GFVNYVTAKDAERAINT,72
P11413,MLCLVAMEKPASTNSDD,275
P37837,EKLSDGIRKFAADAVKL,314
Q9UDT6,LISQELLRKERSLNELR,905
Q53R41,HLDLDSISKILSVYKFL,270
Q7Z2Z2,IVRVAVEPKHPSEMPQL,625
Q15643,KEFECHSMKEKALAFEQ,1504
Q7Z6Z7,ANTVNAALKPLETLSRI,2248
P27816,ARPSILPSKDVKPKPIA,769
Q5JSL3,LQLKYDSQKTFAKARNI,656
P04114,MMGSYAEMKFDHTNSLN,1750
Q8TDW0,KLVMLNNLKKMTNLTEL,586
Q14CX7,LEVKDGNLKTHPTLLEN,832
Q7L8L6,LMNKLLKGKARGHFQGK,637
Q8N684,CRVLISSLKDCLHGIEA,397
Q00653,EQEAKELKKVMDLSIVR,183
Q9P2B4,EENRTKTLKEEMESLKK,264
Q9NRK6,GIYRKLMNKQSFISAXX,732
P82909,SSVISQHSKGSKSPDLL,57
P12268,YPLASKDAKKQLLCGAA,241
Q9BXW7,HRVIPAALKAFRRLVNS,69
Q8TBA6,LKREQESYKQMQSEFAA,369
Q9P0P8,DPTVVKNYKDLEKAVQS,133
Q13045,QATLSSTTKARLFAEKI,671
Q13426,TKIRSLHNKLLNAAQER,197
Q8NE71,KKGKEEKSKGKAKPQNK,184
Q9Y2D4,RKNERDKQKLIDTVAKQ,793
O95425,NREASKKRKVRTRSLSD,542
Q15746,QIQESEHMKVENSENGS,1285
Q92540,SMFNEVYGKNLTSSSKA,956
Q6P2E9,GSMKENISKLLKSKNLT,1087
Q8IZL8,CRTLSVSSKNISLHGDG,354
Q13428,AAQAKPALKIPQTKACP,637
Q5W0V3,NFFLENKMKSLASKGVP,178
Q9H074,VLEDAWKEKGKMDMEEI,337
O95071,LETAQKIAKAEISSSEK,1141
O00139,LNKKETQMKDLDVITIP,241
Q16795,LRNKAVGEKVVRDAFPE,189
O15357,QEPRSGSRKPAFTEASC,918
P07602,YPQDGPRSKPQPKDNGD,188
Q9NQ66,MGMYEYNGKSGYRLKPE,645
P04114,DTKEERKIKGVISIPRL,1121
Q9H845,ETLLLRFGKTIMEEQLV,521
O43683,KPQSGAEIKEGCETHKV,424
P07814,NAAWQEQLKQKKAPVHV,139
Q9BRJ2,DYDANFKIKDFPEKAKD,135
Q15021,VLREEQEHKTKDPKEKN,962
Q5T5C0,PSGTILRLKGAILRMAF,855
Q04837,IDYGEYMDKNNVRRQAT,122
Q9NRK6,TEIEKYASKVDHVMQLA,380
Q8IZP0,NKNTSRTHKIIAPANME,123
Q9Y4L1,QAKLPATEKPVLLSKDI,883
Q13362,VQMLRKTVKDEAHQAQK,476
