Q9H3S7,FEGCSVLRKYLGQLHYL,70
P82650,YEDIDKRGKYDLLRSTR,258
Q9UJZ1,QILASEAEKAEQINQAA,233
Q8TEA8,RVFEDESGKHWSKSVMD,61
Q8TAQ2,FFNGKNKSKTPEIYLAY,457
Q5SWX8,LSNINLQGKAFVSGLLI,23
Q13627,TVADYLKFKDLILRMLD,453
Q3SYG4,LFQSFTRLKSATHLVIL,728
Q92552,DRALQVMEKVAASPEDI,265
P43897,ELLMKLRRKTGYSFVNC,56
Q16555,GSGRYIPRKPFPDFVYK,472
O95155,QLKKLVRCKACADAGLL,827
Q8WXH0,LCEELPSQKSQQEVKRL,1010
Q9HC36,RPFREKQGKILLEGRRL,122
O43175,DSLDPCCRKILQDGGLQ,21
Q9Y4W2,SSSFGSEAKAQQQEEQG,551
Q8TEQ0,YYVKEVLNKHELQRFYS,96
A3KMH1,SRYGIHPAKFAQILTRD,1843
Q96Q11,TTRVCELLKYQGEHCLL,367
Q9H9A5,QAASMIHPKEVPPEAIL,676
Q7Z4V5,SKADSDGAKPEPVAMAR,244
Q7Z4V5,PLPKPRGRKPKPERPPS,291
O60841,AQGVKILGKDLEKTLAG,936
Q3SY17,TYQAFKALKCHGIGEYY,165
P36776,KIIEVKNKKLVELLRRK,148
P78527,QEKSPVNTKSLFKRLYS,1057
Q8IYB5,RSCREKAQKLNEQHQLI,12
P61764,TIEDKLDTKHYPYISTR,497
P49915,CSLFRGLQKEEVVLLTH,145
Q9NQ29,PASSFQQQKLRVCEVCS,186
Q9UPA5,HPAPSVPEKSMADAAPP,1926
P50570,ESLPALRSKLQSQLLSL,299
Q9H845,AGTEEQKAKYLPKLASG,164
Q16850,RLTTPVFGKGVAYDVPN,141
Q9P0K7,CIRKLLQSKCPAESVDS,109
O60841,FEEETVKSKVTVDTGVI,284
P11413,RLTVADIRKQSEPFFKA,82
Q9NZJ4,MAKSGQSKKPSDELSQK,1803
P06576,IESGVINLKDATSKVAL,259
Q92466,PKKRPETQKTSEIVLRP,11
P46940,LTLQEKKEKIQTGLKKL,1458
Q9UKV8,HPPAGDGKKPSIAAVVG,608
Q92540,DRRTADRWKTDKPAMGG,1047
Q9H4B0,GNRFHFDIKPPLHHAKN,240
Q8NE71,PPKPAKPEKNRINKAVS,158
P55265,KDSIFEPAKGGEKLQIK,944
P42285,EETYLSSFKPHLMDVVY,963
O15042,NAPMLPPPKNKEDFEKT,403
Q9P275,PTLLSSTPKPPGTSEPR,767
P23284,TRGDGTGGKSIYGERFP,116
Q9Y320,YTDVSTRYKVSTSPLTK,207
P14618,TQMLESMIKKPRPTRAE,336
Q9UJW0,DPAKTTMKKAYYLACGF,105
Q5VYK3,QEKAALLKKTLENLEXX,1839
Q8IY18,DLIEMLEAKRPWVEYEN,269
P78527,SSLFSGILKEMDKFKTL,2818
P16070,ATATETATKRQETWDWF,237
Q14BN4,EKELHNSQKQSLELTSD,699
Q9UPN3,DDITDGNPKLTLGLIWT,167
P82909,ASRVVQVVKPHTPLIRF,17
Q9H1B7,GRGLSSGFKYLEYEKKH,458
Q00341,LHRYVIGQKGSGIRKMM,991
P11940,EAELGARAKEFTNVYIK,188
Q9NV70,QMEEVKISKKSKVGILP,665
P18583,VAVGERAQKRSGNFSAA,2355
P42356,NLCIKLSEKLQSKTSSK,465
P27816,PAKDVTLLKETERASPI,352
P07814,DDTNPEKEKEDFEKVIL,245
P07814,PEAKVLFDKVASQGEVV,907
Q14980,RALQQVQEKEVRAQKLA,891
O75879,LALNCHINKKSLFDRKH,132
P53582,LDVAAGMIKPGVTTEEI,158
Q9H0A0,ILNSLSRGKKASGDLIP,598
Q0ZGT2,KRSGSIQAKNLKSKFEK,446
Q13838,IFRMTPHEKQVMMFSAT,222
Q5SWX8,AYIHSSKPKVKDAVQAV,297
Q12931,TDIVVDHYKEEKFEDRS,560
Q13200,LRPHYGKLKEIYENMAP,107
Q9ULH1,TKELSTLLKNLLQGLSH,133
Q9UBU9,WLLSMIQSKCSVPFTPI,142
Q9ULJ7,TKMFTGFRKISLDDLRK,251
Q9NW15,KNRIIAKKKDGGAQLLF,44
Q9UIG0,QGFMAPKQKRRKLQSED,1118
P10155,MALALAVTKYKQRNGWS,170
Q92797,PVLNGLEKKEVIQALPK,901
P41252,EPDHMVLGKRLKGAFKA,903
Q9HB71,ISVEGSSKKVKTDTVLI,144
P18206,YRILGAVAKVREAFQPQ,830
Q6NZI2,ERQAGQIKKLEVNEAEL,137
O95639,KHWLRGLCKKGDQCEFL,77
Q04837,YQLGDVSQKTTWHRISV,81
P18206,GSSPVAMQKAQQVSQGL,352
Q7Z3J2,SDQKVKALKIVIQCSKL,209
Q9Y4I1,NMRTYLLEKSRVVFQAE,246
P07814,IIEALGIRKPYIWEYSR,417
Q9NZJ4,LNYLQSSGKQIAKVPGN,599
Q8TCS8,FTPSPEIVKYTHKLAME,285
A2RUC4,LAKYPLFSKARRYECSL,213
Q96MF7,ESRQKRKKKAYCPQIGC,207
Q00765,NCMTDLLAKLEAKTGVN,25
Q07065,RGGGGGGGKSSSSSSAS,78
P26640,CNKLWNATKFALRGLGK,958
Q9P289,MRVLFLIPKNNPPTLVG,233
P04114,IEDGTLASKTKGTFAHR,3944
P56192,GTVSPLFQKLENDQIES,804
Q5VW36,TLPKLGVHKVCIGQILR,520
Q96CV9,AEGSVKEIKHSPGPTRT,196
Q13439,LEDKSLEFKKLSEELAI,1207
O95425,XXXXXXXMKRKERIARR,2
A2RRP1,LLEKHGLEKPISFVKNT,1057
Q5T1C6,QLDKVEGRKFFVSCNVQ,207
P19838,KAPNASNLKIVRMDRTA,251
Q8N122,GVTLDLIEKIPGRLNDR,297
Q9UPN3,LQKFLQDHKEFESWLER,3892
O00170,SLRNIAVGKDPLEGQRH,112
P15170,FIGHVDAGKSTIGGQIM,87
Q14974,TAFGKDVLKLVEARPMI,835
Q9P1Y6,NLVKAYVDKYRHMRRHK,1626
Q9NXF1,HKLESWLRKNYLIDFKH,385
Q6IA86,IRIWKLYIKSTSLETQD,241
Q5SW79,LQELKRVEKQLQAINAM,1485
P07814,RFDDTNPEKEKEDFEKV,243
P29536,EMEIAKLLKENTTLLKL,442
Q14320,NTMQQFLQKALEILRKD,229
Q99704,GSSRRLDCKVIRLAECV,63
Q14669,QRLTHQDKKSVESTCLC,617
Q9H2U1,SKANAKQRKGRAGRVQP,600
Q9NZZ3,MNRLFGKAKPKAPPPSL,9
P78527,RAAQKGFNKVVLKHLKK,828
Q14997,EFTARILEKLKPLMDVD,1540
Q6YN16,MALAIKLEKLMNQMNAR,409
Q1KMD3,XXMEVKRLKVTELRSEL,7
Q9Y2U8,NPFGETFGKIQESEKTL,518
P10155,VCEKLCNEKLLKKARIH,312
Q00765,WFPFYYMLKCGFLLWCM,117
Q8IY17,ATSRPRMRKKLKMLNIA,137
Q9UQE7,DKWIKKELKSLDQAIND,400
Q8WWI1,LRDRVCSKKDIILRTEQ,58
P55786,NVKPDQWVKLNLGTVGF,580
Q9H2D6,TTSTSQWKKHWFVLTDS,1809
Q8N9R8,MDVVKDLVKELSDEIED,203
P10515,LLVRKELNKILEGRSKI,466
Q86UP2,PDQVEGIQKSGTKKLKT,265
Q9HD26,QSVSQINHKLEAQLVDL,93
Q9Y2Z4,KRLAAEVTKLVHGREGL,355
Q6UXN9,PKRTLYSKKYGVDLIRY,63
Q9H7B2,HEKKSKRIKKNXXXXXX,304
Q12888,MHSSGSSGKGAGPLRGK,1332
P06737,FEGKELRLKQEYFVVAA,295
Q8TB22,LTSGQLLMKHYGLTEAG,431
Q99570,RDGIVKVWKXXXXXXXX,1358
P31937,GFGTTLMAKDLGLAQDS,284
Q9HAV4,VEKHYVFLKRLCQVLCA,320
Q9P2E3,SANVYDLAKNFNLEVSL,1047
P49916,EGLVLKDVKGTYEPGKR,663
P78527,VEKMLKALKLNSNEARL,3455
Q12923,LRFPWRETKKISFSKKK,824
P48059,NTKLTLKNKFVEFDMKP,290
P37837,RKFAADAVKLERMLTER,321
Q7RTV0,KIVNLGSSKTDLFYERK,95
O75575,QRKESGKNKHSSGQQNL,34
Q13428,AQAASTPRKARASESTA,986
Q96RK4,LTYDPTNYKAILAAGSM,237
Q6NZI2,KTSRDKLRKSFTPDHVV,299
P19367,TPELLTRGKFNTSDVSA,333
Q9NQ66,QKKHYKEMKDLVKRHHK,931
Q6NUK1,QVHGSKSDKMNIFGGFR,231
Q13439,LKSKEAYEKDEQINLLK,1477
Q969U7,EVYSLPSRKLVALQLRS,84
Q13190,TQEFLSACKSLQTRQNG,69
Q8IVS2,AQQLVSPVKWEQTMHAI,325
P36776,CIVLPAENKKDFYDLAA,917
Q96E11,EALKDNFNKTLNIRTSP,105
P09486,LEGTKKGHKLHLDYIGP,140
Q9HAU5,EENTEVMIKGGGLKHVP,1098
Q2NKX8,NTWVKEFIKWTPGMRVK,166
P28328,QSVLNIKYKNDFSPNLR,86
Q12931,QAIWMMDPKDVREWQHE,304
Q9Y5B9,DGELNLMKKAASITSEV,185
P37837,AAQASDLEKIHLDEKSF,286
Q14203,KLQKLMEKKNQELEVVR,398
Q8NFJ9,DSLHGFTHKGKKLWTVQ,317
Q6ZNE5,HILDVNLPKKLCNSEFC,327
Q9Y6N5,ETFPFDQSKERLSMYLM,409
P34897,LEVKSKTAKLQDFKSFL,464
Q14192,LVDKPFAAKEDQLLCTD,83
P19838,YLLCDKVQKDDIQIRFY,277
Q9Y2U8,PEYAGKAFKALHGSWFD,849
O15400,QRISSNIQKITQCSVEI,24
Q9UQE7,KERQKLLEKIEEKQKEL,336
Q7Z2Z2,QALKAAFMKCGSEDTAP,401
Q9H444,RDTEEMLSKKQEFLEKK,38
Q7Z478,ERYLHLAAKLLDAKEQA,270
O00471,KEAKEFAKKVQELQKSN,81
Q96AG4,ANKVLQHMKAVQADQER,149
P12268,MGSLDAMDKHLSSQNRY,422
P42285,TVLQMDELKCRKRVLRR,852
Q12906,TPLALDANKKKRAPVPV,600
Q6NZI2,VMIYQDEVKLPAKLSIS,161
Q9NR30,KVKGMVFLKGKLGVCFD,676
Q96MU7,PWNEHKPVKIGRDGQEI,472
O95249,QLENELDLKLVSFSKLC,26
Q9Y4F1,FIRLGSLSKLSGKGLQQ,768
Q9UPA5,TSLAVEARKYGLALDPI,1695
Q8TEA8,LQCVLKGNKPDFHLAMP,90
Q9NUU7,AMIFCHTRKTASWLAAE,343
P78527,ISSLIRSCKFSMKMKMI,3235
Q9H845,SPPVRAFAKELFLGKIK,41
Q13685,TTSGDHKAKVFCVQRPD,425
Q5VW32,AKEVHRSLKIAAGIFKH,148
Q96G23,EHFYLTSGKQPKQVEVE,93
P11413,RKQSEPFFKATPEEKLK,89
Q8WV74,SSRLTGRHKGDVSFPGG,61
P19367,DDQVKKIDKYLYAMRLS,24
Q9Y4K4,QGLAYLHTKGKMHRDIK,134
Q9UIG0,REELKKKLKEKAKERRE,559
Q9P275,VDKLKEALKPGRKDSAD,12
Q8TDD1,AMAQWRKKKGLRKRRGA,24
Q96P48,VGDKVQLYKNLEEYHLG,469
P52948,ALTTPTHYKLTPRPATR,551
Q8TD19,GQQVGMHSKGTQTAKEE,945
P55809,VVTMEHSAKGNAHKIME,446
Q9Y2D5,GPFKLRSRKQRTLSMIE,715
P67936,AASEKYSEKEDKYEEEI,181
Q8N465,QLKALLDPKGILNPYKT,508
Q92878,LGRSEYVEKFYRIKKNI,1285
Q9P2E9,CRLQEELEKLRTAGPLE,1331
Q15020,EQRMKAAEKEAALVQQE,586
Q9UG63,IHMHNKKLKYYTGNYDQ,304
Q9Y6N5,RNLTVNYKKNLIEVRAD,261
Q13439,VGNSDSLNKEQLIQRLR,136
Q6NUK1,IEEIIRFWKHSTGIDIG,167
Q14739,RDEYHCKKKYGVAWEKY,594
P43243,AMVDHCLKKALWFQGRC,555
Q6YN16,VKMFSGKLKPTMAFMSG,385
O15530,QPPPQPRKKRPEDFKFG,77
Q14344,EFQLGESVKYFLDNLDK,175
Q16531,GKLQTVAEKEVKGAVYS,864
Q5VW36,VHVAALLRKLSAHVDDS,1168
Q6P2Q9,LILADYGKKNNVNVASL,1994
P53667,LARLMVDEKTQPEGLRS,489
A3KMH1,PQLGSPQQKPKRLRLVV,1711
Q13642,VAKKCAGCKNPITGKRT,225
Q13155,TVHTHSSVKSVPENLLK,159
P07814,AVRRDTGEKLTVAENEA,1389
O15530,YFTFQDDEKLYFGLSYA,154
Q86X83,FLRRGANPKIYEGAARK,42
Q9H9A5,SAGSTDPGKKFSGRPMC,339
P48059,LELKKRLKKLAETLGRK,317
Q15291,GTSNTTAIKSIEFARKG,202
Q9Y6M5,QIDIRNLIKELRNVEGV,358
P02787,QLFSSPHGKDLLFKDSA,310
Q7Z2Z2,WSLYDAVLKKDKDKIDK,310
P78527,EQKREKEIKSELKMKQD,2758
Q86UP2,LKVISEREKEISGLWNE,1006
Q5JTH9,EAELVLTEKSSGTFLSG,90
Q9P0K7,VASLTLHNKELQDKLQA,364
O95671,EFYEETKVKFSELSEEL,151
Q96TA1,MKDILQAVKEAAVQRKH,554
Q08209,WALKILYPKTLFLLRGN,142
P30044,FVEQAEALKAKGVQVVA,116
Q5JSL3,VKIIQDSDKVNAKELDP,1820
Q93015,APSPRPPRKAPNLTAQA,223
Q9HCE0,HINLLKEMKRRLTEVAD,1353
O60504,GEHICLIRKVNENWYEG,486
Q6VY07,ISRLICSAKQQQTMLRV,918
Q6P2Q9,PQDVTTHAKIMADNPSW,2198
Q13439,QCTLLTSEKEALQEQLD,316
P55265,FPSVSAPSKKVAKQMAA,665
O15269,SHKTVVNGKECINFASF,98
Q96B97,ATAAIQPKKVKGVGFGD,209
Q9UM54,RKQEEEERKKREDDEKR,972
Q5VSL9,VTAREKRLKVARAILYV,143
Q8TEQ0,LARENEVLKVQLKKYVG,538
Q13200,KKEKKDKDKKEAPADMG,639
Q9P2J5,NNGKLPDNKVIASELGS,970
Q6NZI2,VPPFTFHVKKIREGQVE,326
Q9BQS8,LQEELSQAKCSSEEAQL,881
O43159,EEEEEERKKKCPKKASF,73
Q9NZL4,QQVQKLKVKSAFLLQNL,249
Q9P2E9,DTWHKATQKGDPVAILK,691
Q9BSH4,ADIRHILNKNGGVMAVG,170
Q86V48,ALRSRAIIKPVIVDKDV,757
Q9NTJ5,WNSMIRYYKNNFSDGFR,483
Q9ULP9,VSPEKLLEKAFAIRLFS,288
Q9Y530,GIAVLFKKKFGGVQELL,51
Q9C0D5,HILKAHIFKGLSKKTGI,873
O94874,VSYIKKRYKTTQLLFLK,289
P07814,IYIPDGHTKEMPTSGSK,708
Q96E11,RTSPGSLDKIAVVTADG,118
Q8NCA5,KVPPNHVGKPLLKKPMG,190
Q8WWI1,KASESISLKNLKRRSQF,1191
P37235,LEEFIRGAKSDPSIVRL,174
P51825,NMAMFRCKKDIAIKYSR,1067
Q9ULP9,IAKTVSPEKLLEKAFAI,284
Q9UQE7,SLDQAINDKKRQIAAIH,409
P19404,YKRIEAIVKNYPEGHKA,68
Q9HAU5,KDDIKLTAKKEVSKAPE,46
O75815,ETAMLKRAKELFTNNDP,541
Q9NZM1,IDHRQFGRKPVVGQCTI,1386
Q14683,LQNAQKHYKKRKGDMDE,327
O75348,KNRRLKQAKEEAQAEIE,37
Q6P158,SKRYDWQAKSVHAENGK,512
Q14914,ESKNVALPKGTIVLASP,81
O60264,LADEMGLGKTLQTISLL,211
Q9UIG0,LMEALSADKGGFLYLNR,645
E9PAV3,NSLSFQGSKDSPATTHS,847
Q9UIG0,VASALEKWKTAIREAQT,1153
Q92805,QQLSIDLQKVTAETQEK,281
Q07866,NNLASCYLKQGKFKQAE,393
Q92805,YKMSWFGSKPAPKGSIR,748
Q9H6T3,QIEPSLYPKLFQKNLDP,580
Q8IY18,RRERETLEKEKKSVDDH,433
Q9UNL2,QKREDAVSKEVTRKLSE,98
Q16658,LGRYLAADKDGNVTCER,74
Q9P2X3,EPGPDVKKKTEEEDVEC,129
Q92540,TNLQKALSKALESRDEV,232
P05120,SVNKLFGEKSASFREEY,133
P46940,GDNNSKWVKHWVKGGYY,687
Q96IZ0,KQENKTLLKVVGQLTRX,333
Q8IV48,IQCQLSRLKYPPFAKKW,249
P27824,NPNYKGKWKPPMIDNPS,384
Q9NR30,EQKAGIKFKRIGVPSAT,561
Q7L5Y9,CLAWCHDNKSRLRKMKS,186
Q8IYT2,NLDSKFRPKQQYSCSCH,540
P49585,XMDAQCSAKVNARKRRK,8
P00338,RTPKIVSGKDYNVTANS,81
P07814,DKIWAFNKKVIDPVAPR,498
P42680,RDLWVKKLKEEIKNNNN,107
Q15717,DKILQVSFKTNKSHKXX,320
Q00341,PDDPSNQIKITGTKEGI,197
Q9Y4F3,RIIVSFTPKNRELCETK,585
P04114,LIYITELLKKLQSTTVM,4540
Q99797,PVGAAFNVKPQGSRLDL,50
O14802,FRETDVAKKISHICFGM,14
Q9P253,TFLSSPRHKEWLFASRA,533
Q9H307,VLTVHPESKSKTKTRSR,553
P27694,CPTQDCNKKVIDQQNGL,489
O14832,LIHGSGQNKTQGFRKAI,270
P51398,WNKRESTEKGSPLGEVV,218
Q8N5C6,AELVKIEPKHIGVGMYQ,675
Q8IZL8,KPSAPKKLKLDVGEAMA,498
Q14914,PAAFMGMLKGDNLGKTI,318
P02787,ALSHHERLKCDEWSVNS,373
O15228,LVPRYIPQKQSEDMHAF,357
Q8N3C0,KAEEFDQIKVREEEIEE,1025
Q15020,RKRARAEKKALKKKKKI,609
Q12923,SFIKIPVGKEEFVYIAC,2274
Q8N8S7,VVINCAIPKGLKYNQAT,66
Q3SYG4,DVEMKELQKIIKDVNKS,390
Q147X3,PDIMRLITKDLSEPYSI,233
Q96JI7,TVNFFLKSKENLFNPSS,552
P07814,NLNNTVLSKRKLTWFVN,435
P12694,AWRKQSRRKVMEAFEQA,389
P46940,KKSKKISLKYTAARLHE,1562
Q9P0M9,VDLITRLPKGAVLYKTF,122
O60739,RIQQRNGRKTLTTVQGI,42
Q9Y263,INLLNPKGKPANQLLAL,652
O15258,SVGESVHGKPSVVYRFF,14
Q8N999,NKQAEKRFKNFLHSKEN,91
O15198,GRLQVSHRKGLPHVIYC,85
P09601,AEFMRNFQKGQVTRDGF,39
Q9BSJ8,KYFCKAGVKGMQLHGVL,235
Q96H79,KCNKFHVCKSFVKGECK,195
P14678,XMTVGKSSKMLQHIDYR,8
Q9Y3Y2,XMAAQSAPKVVLKSTTK,8
Q9H857,YKYPEGIRKYDYNPSFA,109
O43175,KDGKWERKKFMGTELNG,137
Q9NRZ7,VSMEVAAAKGLPVLKYH,195
Q9UI09,MTDDPPTTKPLTARKFI,101
Q2M389,LKDHWTMYKRLLKSVHH,221
Q9NW15,PQAKLYPGKSLLRRLLT,155
Q14019,QRAKTGTDKTLVKEVVQ,98
Q9H2U1,RLNLGKKRKMVKVYTKT,855
Q6YN16,GANIVIAAKTAQPHPKL,42
Q15643,REAEVRNLKQNLSELEQ,655
Q69YQ0,ISGPISTSKPLTALSDK,896
Q7Z2W4,YGEEKDKRKNSNVDSSY,629
E9PAV3,QAQLAAAEKFKVQGEAV,2005
Q9NZJ4,VYLKHLLPKIENLSYDA,3484
P43897,KEGWSKAAKLQGRKTKE,96
Q13439,NQQQAASEKESCITQLK,1337
P23470,RPLPGKDSKHSDYINAN,902
Q9H2U2,AFNGEFKNKAFALEVIK,261
P10606,EREIMLAAKKGLDPYNV,56
Q13523,GMSPAKRTKLDDLALLE,99
Q7Z2W4,EDFCFLSSKKYKLSEIH,726
Q14914,QVAKVVESKNVALPKGT,75
O95299,CTGKGKLAKEIAEKLGF,75
P51617,AYLPEEYIKTGRLAVDT,397
Q15257,MYKAECLEKFPVIQHFK,337
Q9P2J5,AKEKLDQLKQEFEFWYP,659
O00159,AKVSSINDKSDWKVVRK,281
Q96CN7,ADKDHPKFKEIQNLIKA,279
Q15291,PKGSKGKEKDSPFKPKL,495
P29590,LAAVNRESKFRVVIQPE,635
Q5VW36,FLWTHTQNKDPIVANAA,702
O14964,LEVMESVVKNCGQTVHD,73
P23634,DDFLCLEGKEFNRLIRN,725
O60306,NLNVRDHIKDEWEGLRK,550
Q96EN8,NSQRNAKKKHGKDQLPG,718
Q04771,KIFSSRDEKSWFRETEL,243
Q9NQC3,LGHVNCTIKELRRLFLV,1104
Q92797,IQALPKLIKLNPIVVKE,912
Q86Y79,YLVHDELDKPLGRLALK,125
O43172,DLVAPVVKKPHIYYGSL,27
Q14203,LIRKQAQEKFELSENCS,629
Q14019,KEFVISDRKELEEDFIK,118
Q9BRX2,FYGLKQVEKANEAMAID,301
Q8IWA0,QLVSVKLPKSSSQEVEA,136
Q96FV9,QVPGSENEKKCTLDQAF,47
P18583,KDDYEIFVKVKDTHEKS,1795
Q9Y3B7,LAAQEEAAKKXXXXXXX,191
P51398,NERFLNQIKVQEKYVWN,203
Q15021,AIIDEFEQKLRACHTRG,1288
P29317,AERIFIELKFTVRDCNS,99
P14927,GKWLDGIRKWYYNAAGF,19
Q14320,YDPEKKWDKYTIRXXXX,335
Q9H857,RDILIEHYKYPEGIRKY,102
Q8WXH0,EQKIERLLKCASEIHMT,1031
Q86YR5,DVAAEYYKKTLQLSRQL,274
Q96I51,NSYGQCGRKVVENEIYS,209
O94925,GQEKIPVHKFITALKST,158
Q9P1Y6,PSGPSAKSKSSATRSKK,362
Q6P2Q9,GFEESMKWKKLTNAQRS,1516
O75643,MCPLRQFRKLPEEVVKK,1134
Q8N9R8,RDLPQYGQKQWQSYFGR,85
Q00341,FHRTIIGQKGERIREIR,526
Q14573,ISYLLSVFKKEFVEVFP,995
Q14161,TVQEFMEVKNALVASEA,434
O43150,RKSQATKLKPKRVKALY,945
P51398,DLLQSSYNKQRFDQPLE,175
P27797,KGKNVLINKDIRCKDDE,159
Q9HB90,DYNFHCFRKAIHEVFEV,361
Q7L8L6,VRLAQERTKFDLLKELY,507
A2RRP1,RADPKELIKMVTRHVTR,1607
Q01085,KSAFAPFGKISDARVVK,122
Q96TA1,KIRAFILPKAEVCVRNH,330
Q8WVY7,GKFSEFYSKKNTIMFDD,245
Q96J02,YRHYARTSKQIMWFWQF,807
P23284,ERFPDENFKLKHYGPGW,129
O15042,AFVEEPSKKGALKEEQR,531
Q9UJZ1,GEASAVLAKAKAKAEAI,250
Q14203,TDAEGLGLKLEDRETVI,944
O14974,ILAENEKLKAQLHDTNM,947
P46940,NLLIFLLNKKFYGKXXX,1652
Q8N392,RTQAAAVQKRVETVSQT,150
Q96KR1,QIHYCDVCKISCAGPQT,337
P42356,REDISIMIKFWTAMFSD,1409
Q14683,IAVTKVLGKNMDAIIVD,540
Q8WVY7,TGVLPERQKLLGLKVKG,44
O95347,AKNKESVNKAQEEVTKQ,870
Q9UKM9,TSSAKIKLKSSELQAIK,183
P0CG47,TLSDYNIQKESTLHLVL,215
P34897,KYSEGYPGKRYYGGAEV,103
O43150,LYKMKKSVKAINSSGLA,59
O15270,SGATIRIFKHNNMQSLE,281
Q12802,SQQSVSLSKSVSIQNIT,1903
O14974,DRSLLEMEKRERRALER,984
Q14BN4,HVYLDEPIKIGRSVARC,29
Q460N5,REEQSLKEKMIISPGRY,470
O00410,IGLAVGKEKFMQDASDV,572
P19367,LITWTKGFKATDCVGHD,624
Q8NE71,EDKEEEIIKEKEPPKQG,209
P42704,RQYFHQLEKMNVKIPEN,613
P11940,AVLQAHQAKEAAQKAVN,620
Q13085,PPNVEKSIKKEMAQYAS,919
Q92797,PKVWEGFIKCCQRTKPQ,1040
Q96Q11,KNLGLFIVKNRKDLIKA,328
P11940,VTEAMLYEKFSPAGPIL,30
O75533,RKIMKLLLKIKNGTPPM,503
P09936,AQHENFRKKQIEELKGQ,65
P11940,MTDESGKSKGFGFVSFE,231
Q9NZJ4,PAGFSLDWKGNSFKPET,2230
A6NHR9,LNGQEQRMKIDREFALW,554
P57057,LRLQKQILKSEKNKPLD,276
P23786,QQMMVECSKYHGQLTKE,537
Q96CV9,VSTGTALSKYRSRSADG,213
P14324,LEYNAIGGKYNRGLTVV,123
Q53FA7,AAAGFNYKKEDFSEATL,194
P32455,FQKESRIMKNEIQDLQT,573
P82914,IKQEQFMKKIVANPEDT,114
Q9P2I0,SSLQFCKAKDAELAWID,624
Q9Y4F3,GHKRIVVLKNDMKSRLS,1558
Q12906,AGSNKKVAKAYAALAAL,577
O00291,RQKLGELRKKHYELAGV,1006
Q9UIG0,EEFPAWYEKLVLEMVHH,86
P06737,DFSELEPDKFQNKTNGI,479
O95071,AMQPAFASKITGMLLEL,2415
Q96DI7,XMIEQQKRKGPELPLVP,8
P49756,GEDDKNATKGTVNTEEK,726
Q9H6D7,AWKEVRLHKTTWLRSEI,75
Q4G176,ALPLPVLEKWKNITGHT,342
Q15404,PPDIGKLTKLQILSLRD,158
P51825,RCKKDIAIKYSRTLNKH,1072
Q5SRE5,LLVLTKMFKEQGFGSRQ,240
O15084,EEAVQVLLKHSADVNAR,95
O14617,KNLMEIVKKLMTHVDKA,379
Q96BY6,QSYIKFVFKTRACKERT,954
O14562,VPLSGMYNKSGGKVRLT,224
O75533,EEMKKIVLKVVKQCCGT,790
P30086,SGDHRGKFKVASFRKKY,150
O15270,PEVIALKKKYKAYLYLD,336
Q6PML9,KATDLGLGKVRFKAEVD,487
P14625,EEEAAKEEKEESDDEAA,303
P09012,KITQNNAMKISFAKKXX,276
Q9NRL3,LQKAVTAKKNAALDVEP,475
Q92841,LSELPKFEKNFYVEHPE,132
Q15042,MLNCCIERKKARDEGKK,527
Q9Y617,VQKLAAFMKKFLEMHQL,362
Q9Y617,GTINIVHPKLGSYTKIP,127
Q14644,VKIKIGEAKNLPSYPGP,22
Q9NVP1,GGFGYQKTKKVEKSKIF,647
P62993,AKAEEMLSKQRHDGAFL,76
Q9H061,LSYWIRTSKPVFRKMLF,153
Q9UDY4,KAYRKQALKFHPDKNKS,30
P06576,INLKDATSKVALVYGQM,264
P41252,LKDIKSLEKYIIEELNV,868
P46940,MDDKSLNIKTDPVDIYK,1088
P78559,RVGRRAPGKAKPASPAR,2612
P09601,SEALKEATKEVHTQAEN,22
Q15020,DVEPPSKQKEKAASLKR,682
Q7L1W4,HLALPWYSKYFPYLALI,163
Q8IYB8,NEVKKVLDKFYKRKEIQ,99
Q7L5N7,SRVDPDSRKNTINEIIK,196
Q6NZI2,ATTSNTVSKLLEKVRKV,109
Q9NRN7,IPEFFHIMKRKFTNKEW,149
P0CG47,RGGMQIFVKTLTGKTIT,82
P23470,YVECFSAQKECNKEKNR,1172
Q8TCS8,VFTDYEHDKVSRDEAVN,306
Q6PML9,SVRAIHDVKATDLGLGK,479
P33992,SQLLKFVEKCSPIGVYT,396
Q9P2E9,QQRKALEAKAAAFEKQV,858
P49916,AKRGTAGCKKCKEKIVK,106
Q96QK1,MKRCLDKNKLMDALKHA,38
O00159,RAGFAYRRKYEAFLQRY,667
Q9UPQ0,YSGTTLNLKEFEGLLAQ,151
Q92878,YNYRVVMLKGDTALDMR,1190
O43395,RSFGEMKFKQCPTENMA,649
Q9UQE7,SEMKMLKEKRQQSEKTF,745
Q9BZ23,VESLKSIRKYLTSNVAY,250
P33316,PPMEKAVVKTDIQIALP,155
A6NHR9,QHVKISLTKASNLKLMP,1304
Q13439,GILSQSQDKSLRRIAEL,184
Q8NCA5,KSQTEKLAKVYQPKRSV,249
P78527,RKFIQTFGKEFDKHFGK,3638
O75643,GSKKDFFKKFLYEPLPV,1716
Q5SSJ5,AVDPEPQVKLEDVLPLA,258
P78527,VLKHLKKTKNLSSNEAI,838
O75879,PLGVRTEVKNLNSIRFL,280
Q15019,AFMKAIHNKVNIVPVIA,174
Q8TEQ0,SSAVSILIKPEQETDPL,232
Q9BZF9,LAHKVAECKALALECER,475
Q9BZF9,TIQECIKVKYAPIVSFE,984
P41252,SDKVLIQEKTQLKGSEL,1057
Q9Y697,IGRICSSRKVYFHTDAA,226
Q13439,QMLQREKKKLQGILSQS,173
Q15084,CQRLTPEWKKAATALKD,66
Q5VSL9,APILKRALKVKQAMMQL,703
O75167,PSKKELEDKNILQRTSE,495
Q16658,YTLEFRSGKVAFRDCEG,220
Q7Z478,SPPLQPKTKTYEEDPKS,208
P43220,NEVQLEFRKSWERWRLE,415
P78559,GRELGLQGKAPEKETSL,709
Q9BZQ8,EKVKLRVLKQYDYDSST,482
Q9H3L0,QTCPELLRKDFESLFPE,159
O00560,NGKITSIVKDSSAARNG,223
Q6P2Q9,ATQTRTVNKHGDEIITS,2049
Q9UM54,TKAAAGTKKYDLSKWKY,1083
P61764,MGTDAEGEKIKDPMRAI,382
Q13642,YCVTCHETKFAKHCVKC,157
Q9NZJ4,NDIYRIGEKLDSLGVKY,4135
Q15643,KMMDIVAAKEAALIKLQ,1129
Q9ULH1,ALGPRVLPKLPQKVALR,896
Q13459,EILVEVLTKRKTVTVND,455
Q9Y3Y2,RFTNMLKNKQPTPVNIR,30
Q15306,YPEDNGQRKNIEKLLSH,302
Q9Y305,VWMENSKLKSLEICHPQ,294
Q9H6T3,STQRQNVVKPIDNPPHP,418
Q9P2E9,EEEQVWRAKVGAAEEEL,1159
Q9P0K7,QEVNELLQKFQQAQEEL,855
Q9NZM1,NAVRGPGPKGPVGTVSE,167
Q96N67,HFGQRLLVKCLSLKFEI,268
P55809,KAVFDVDKKKGLTLIEL,481
Q69YN2,THCYLALAKGGLSDDHV,355
Q9P2E9,LEEIVEKLKGELESSDQ,1185
Q13191,HDLPLEGAKVFSNGHLG,653
Q96I51,CLHFSGVGKVRQAACGG,337
Q96MU7,YDIHNSRKKPRIDYPPE,548
Q96I59,SKRQNVELKAEKIKVIG,111
Q12923,SASSSSMDKYHIHHISE,1752
P61764,KVKKKGEWKVLVVDQLS,29
P48200,DDVEITLYKHGGLLNFV,950
O43414,LAYRGFIFKQTSKPFXX,331
P07814,LLQLKAQYKSLIGVEYK,943
P82933,QAKSLLPEKTVTRDVIG,188
O14617,KEERTKGKKKSKKQPPG,889
Q12802,KEKDKIKEKEKDSKDKE,1775
Q9NZM1,VESASNIPKTKFGKPDP,14
Q9UQE7,EKNLEQYNKLDQDLNEV,436
Q9ULC3,EVFKYLAEKYLQKLKQQ,168
A6NHR9,EVRTVPIAKLDRTVAEK,668
P57060,HIYNKCKRKNILEWAKE,204
Q9NSK0,LQRSGSLGKIRDVLRRS,557
Q9P2I0,KLKKEAAKKLEQSKEAD,408
Q99961,DYKKKRQGKIPDEELRQ,177
Q9P289,LDYLHSEKKIHRDIKAA,140
Q96P70,LKAVTALVKNFPKHMVS,277
Q10713,DEILLTLEKHGGICDCQ,135
P34897,ELVSITANKNTCPGDRS,409
P32321,KEVIFMSDKYHDSDEAT,131
Q96AE4,GKTGLIIGKGGETIKSI,394
P82909,ISQHSKGSKSPDLLMYQ,60
O15084,GANINAFDKKDRRAIHW,171
A2RRP1,FSKLTLEQKELCRCRRK,679
Q9BSJ8,DLPLKKGNKEPNPMVQL,497
Q86UU1,MGGKIKSWKKRWFVFDR,1274
Q86UP2,LKQEIKALKEEIGNVQL,842
Q9H6R4,SYTNGCHLKPSLLLRPR,234
Q9H7B2,LKDVYALKKPYGVLYKK,57
Q5SSJ5,PPPKRRLQKKTPAKSPG,459
Q9H7D0,YTLQNKSKKGIFPETYI,56
Q5MNZ6,KVMIWDDLKKKTVIEIE,89
P49916,DPNAYEAFKASRNLQDV,442
A3KMH1,NIGLVPMNKIPKDNKQR,1777
Q8IWR0,PGFLNMKIKFVCAQCLR,709
Q5R372,DNSTKHEEKPQLKIVSN,42
Q12929,EPLKTQPKKYAKSKYDF,534
O75962,LQVTVNVIKEGEDLIQQ,729
Q8TAQ2,LWLGKNYKKYIQAEPPT,37
Q07157,DGILRPSMKLVKFRKGD,423
O94851,MASAQEPDKLSMVMYLS,607
Q8TBA6,TRILQSKEKLINSLKEG,444
P29317,TLKAGYTEKQRVDFLGE,655
Q53R41,VNVAKSIAKFLRNVRYR,236
Q92538,EQFNQKPKKGIQFLQEK,716
Q9NZJ4,GAQVNPKFKQCDVLQLL,3692
O15042,IETKKPPLKKGEKEKKK,193
O14832,KEVVGIAHKFFGAENSV,310
O14964,QRQIQLAQKLEIMRQKK,513
Q9NZM1,KAMNPLKAKTASLFEQK,1936
P49662,RNCLSLKDKPKVIIVQA,249
P50579,STAEEAAKKKRRKKKKS,37
Q9P2K8,TYVALVSDKEGSHVKVK,1457
Q92572,IDAQNKLEKSEAGLAGA,149
P55011,DTSKPLSEKPITHKVEE,971
Q9Y6N5,RVTELNPDKNCIHTDDD,125
O43837,SYDMRLRRKLDLFANVV,135
P02787,YYAVAVVKKDSGFQMNQ,122
Q9NUQ7,EIFLKKALKHVLSDLST,36
Q8N3C0,CPRMASMNKPAFQAIRS,1543
Q9UPT5,RQIIKERFKGFNDGLEE,657
O75475,AARRGRKRKAEKQVETE,152
Q9Y320,NELYQRAKKLSKAGDNI,266
Q5VW36,EPEEVQYKKSTAWLWVR,930
P36776,EEKFRERLKELVVPKHV,426
O94851,KESDIRPSKLLTWCQQQ,521
P36543,LKIMEYYEKKEKQIEQQ,59
Q8IZL8,RACGSLKGKLASFFLSR,216
Q8TCG1,HLEVISGQKLTRLFTSN,40
Q9H2U2,NAKMEIATKEPMNPIKQ,111
Q8WXH0,DRWLDINEKTEDYYENL,1633
Q14192,AMQCVQCKKPITTGGVT,167
Q0JRZ9,FDVLYHNMKHGQISTKE,26
P04792,PDELTVKTKDGVVEITG,114
Q15642,LEVVPIIAKCLEGMKVA,247
Q9HB90,DKESMAIIKLNNTTVLY,319
P78527,MKMIDSARKQNNFSLAM,3248
Q96QK1,NRYIYFYEKENDAVTIQ,733
Q9Y2U8,SAAPAAGSKVLLGFSSD,134
O60306,NYSPEVSSKAYLMSICC,88
P23786,SKYHGQLTKEAAMGQGF,544
P20810,MEGPHLPNKKKHKKQAV,23
Q15276,FNQKRAKFKELYLAKEE,47
P98082,GDGVKYKAKLIGIDDVP,53
Q13601,ADEKKKKKKKXXXXXXX,380
Q9Y6M1,IGKEGLTIKNITKQTQS,217
Q92878,KYLKQYKEKACEIRDQI,219
Q13838,FNQVVIFVKSVQRCIAL,295
Q9BZK7,IFALKWNKKGNFILSAG,277
Q9H6T3,ANRAMAYLKIQKYEEAE,328
P14618,SGAIIVLTKSGRSAHQV,433
Q9BXP5,AVKRYNDYKLDFRRQQM,176
Q96QK1,DKWEKKCQKIFSFAHQT,559
P46937,RLQQLQMEKERLRLKQQ,315
O14964,TIPKFGIEKEVRVCEPC,207
P04114,IQDWAKRMKALVEQGFT,2578
P34897,DIVTTTTHKTLRGARSG,280
P53680,AVVTVRDAKHTNFVEFR,45
P55809,RIERLSIRKEGDGEAKS,286
P48059,EFIIGRVIKAMNNSWHP,84
Q9NXC5,YGVSGSPTKSKVTSCPG,769
P27986,LTQKGVRQKKLNEWLGN,592
P23284,FPDENFKLKHYGPGWVS,131
Q9P2E9,GAAEEELQKSRVTVKHL,1169
